"주연","총횟수","cluster","횟수","누적관객수__개봉일스크린수","누적관객수__스크린수","누적관객수__상영횟수","평균_관람객_개스크","평균_관람객_스크","평균_관람객_상횟","관람객개스크점수"
"강동원",17,1,1,13949.4193548387,10547.1219512195,101.533693355248,13949.4193548387,10547.1219512195,101.533693355248,13949.4193548387
"강동원",17,2,4,24378.6490292842,20016.5374896741,195.791403297723,6094.66225732105,5004.13437241853,48.9478508244308,12189.3245146421
"강동원",17,3,7,36059.3428186505,32646.7485475484,272.822611224881,5151.33468837864,4663.82122107834,38.9746587464115,13629.1505055103
"강동원",17,4,5,22810.6793633914,19943.2325595755,278.251541945802,4562.13587267828,3988.64651191511,55.6503083891604,10201.245933899
"강소라",4,1,1,422.5125,397.658823529412,13.7850734094617,422.5125,397.658823529412,13.7850734094617,422.5125
"강소라",4,2,2,19058.6057692308,13760.9423076923,64.6818517041697,9529.30288461538,6880.47115384615,32.3409258520849,13476.4693793841
"강소라",4,3,1,3172.7134935305,3109.48913043478,32.0213047777177,3172.7134935305,3109.48913043478,32.0213047777177,3172.7134935305
"강소라",4,4,0,0,0,0,0,0,0,0
"강신일",20,1,2,8212.12612118796,7165.48591009877,74.9241006556371,4106.06306059398,3582.74295504939,37.4620503278185,5806.85006825119
"강신일",20,2,8,42198.7328768975,35408.6938242129,310.751419479415,5274.84160961219,4426.08672802661,38.8439274349269,14919.505087367
"강신일",20,3,9,45756.8947940253,38536.3196801048,417.377446804344,5084.09942155837,4281.81329778942,46.3752718671494,15252.2982646751
"강신일",20,4,1,4455.5879494655,3872.2972972973,45.7245437319238,4455.5879494655,3872.2972972973,45.7245437319238,4455.5879494655
"강예원",13,1,0,0,0,0,0,0,0,0
"강예원",13,2,10,30668.5907248174,27552.7170098874,267.369876545951,3066.85907248174,2755.27170098874,26.7369876545951,9698.25993179372
"강예원",13,3,2,27695.2408140125,20902.4570609326,124.875215628913,13847.6204070063,10451.2285304663,62.4376078144566,19583.4925861827
"강예원",13,4,1,4015.71729587357,3027.06949040371,40.1437799504994,4015.71729587357,3027.06949040371,40.1437799504994,4015.71729587357
"강지환",3,1,1,469.948275862069,443.20325203252,10.8897323212145,469.948275862069,443.20325203252,10.8897323212145,469.948275862069
"강지환",3,2,2,15326.5863933386,11615.3200583445,78.9005735520259,7663.29319666928,5807.66002917224,39.450286776013,10837.5331711712
"강지환",3,3,0,0,0,0,0,0,0,0
"강지환",3,4,0,0,0,0,0,0,0,0
"강하나",1,1,0,0,0,0,0,0,0,0
"강하나",1,2,1,6992.55750487329,4094.95662100457,39.7304403685983,6992.55750487329,4094.95662100457,39.7304403685983,6992.55750487329
"강하나",1,3,0,0,0,0,0,0,0,0
"강하나",1,4,0,0,0,0,0,0,0,0
"강하늘",12,1,0,0,0,0,0,0,0,0
"강하늘",12,2,6,12579.551398425,9897.93903383291,159.669181287926,2096.59189973751,1649.65650563882,26.6115302146544,5135.58035320932
"강하늘",12,3,5,12822.8972761237,11106.8073908326,156.396653991997,2564.57945522473,2221.36147816652,31.2793307983995,5734.57399558188
"강하늘",12,4,1,5130.16696914701,5130.16696914701,47.6894733734299,5130.16696914701,5130.16696914701,47.6894733734299,5130.16696914701
"강혜정",8,1,4,7295.13195343356,6597.34035949961,79.5106699566338,1823.78298835839,1649.3350898749,19.8776674891584,3647.56597671678
"강혜정",8,2,4,28351.4611415219,26019.0929177775,178.495836762035,7087.86528538048,6504.77322944437,44.6239591905088,14175.730570761
"강혜정",8,3,0,0,0,0,0,0,0,0
"강혜정",8,4,0,0,0,0,0,0,0,0
"견미리",1,1,0,0,0,0,0,0,0,0
"견미리",1,2,1,8792.63372093023,7001.54166666667,43.2428730735139,8792.63372093023,7001.54166666667,43.2428730735139,8792.63372093023
"견미리",1,3,0,0,0,0,0,0,0,0
"견미리",1,4,0,0,0,0,0,0,0,0
"고수",11,1,1,2049.68103448276,1964.98347107438,28.4201530002391,2049.68103448276,1964.98347107438,28.4201530002391,2049.68103448276
"고수",11,2,5,12232.871037519,10340.9562817734,161.919164655186,2446.57420750381,2068.19125635467,32.3838329310372,5470.70623997619
"고수",11,3,4,19702.5716254492,16831.0395688257,192.308583300221,4925.6429063623,4207.75989220642,48.0771458250552,9851.2858127246
"고수",11,4,1,3421.448,3131.91944670464,54.1353126494332,3421.448,3131.91944670464,54.1353126494332,3421.448
"고수희",13,1,3,12177.7069008268,10395.7434045734,102.226946820287,4059.23563360893,3465.24780152446,34.0756489400955,7030.80235730472
"고수희",13,2,8,52678.8467894402,42993.7246552001,334.038365865218,6584.85584868002,5374.21558190001,41.7547957331522,18624.7848949502
"고수희",13,3,2,26509.4165067617,21385.2041696334,146.361163860713,13254.7082533808,10692.6020848167,73.1805819303567,18744.9881772298
"고수희",13,4,0,0,0,0,0,0,0,0
"고아성",6,1,0,0,0,0,0,0,0,0
"고아성",6,2,2,4493.71022831543,3864.09982137358,51.9175538874778,2246.85511415772,1932.04991068679,25.9587769437389,3177.53297512919
"고아성",6,3,3,25804.2355832617,21300.6309526751,158.986753299625,8601.41186108725,7100.21031755835,52.9955844332083,14898.0823602287
"고아성",6,4,1,9989.66132478632,8289.29343971631,74.887656377645,9989.66132478632,8289.29343971631,74.887656377645,9989.66132478632
"고창석",22,1,2,1083.58028022197,1043.0118634681,20.7990355267569,541.790140110985,521.505931734048,10.3995177633784,766.206964104974
"고창석",22,2,8,17213.2141976717,15915.0702625238,227.36329414548,2151.65177470897,1989.38378281548,28.4204117681849,6085.79024259512
"고창석",22,3,11,69962.5433573921,60006.1869076525,534.909589576791,6360.23121430837,5455.10790069568,48.628144506981,21094.5005177674
"고창석",22,4,1,7426.98292422625,5189.47278150634,59.2459028954291,7426.98292422625,5189.47278150634,59.2459028954291,7426.98292422625
"공유",10,1,3,20481.0736834635,18565.0861154987,143.326191897387,6827.0245611545,6188.36203849956,47.7753972991289,11824.7534044402
"공유",10,2,2,3402.98422759434,3081.93320571867,55.6935462579527,1701.49211379717,1540.96660285933,27.8467731289764,2406.27322360282
"공유",10,3,1,9419.85656565657,6167.76322751323,52.7833572940604,9419.85656565657,6167.76322751323,52.7833572940604,9419.85656565657
"공유",10,4,4,21347.8594158984,19257.9683564996,215.768734894781,5336.96485397459,4814.49208912489,53.9421837236953,10673.9297079492
"곽도원",14,1,1,829.477941176471,747.079470198675,18.9451675203628,829.477941176471,747.079470198675,18.9451675203628,829.477941176471
"곽도원",14,2,3,7055.0404958337,6578.79807425218,95.8584440398252,2351.6801652779,2192.93269141739,31.9528146799417,4073.2295294133
"곽도원",14,3,6,45232.5578030762,34501.591749246,300.667776647292,7538.75963384603,5750.265291541,50.1112961078821,18466.1143964137
"곽도원",14,4,4,12888.9530549507,10966.4595594028,175.710383363484,3222.23826373768,2741.61488985071,43.927595840871,6444.47652747536
"권상우",11,1,2,9678.28543635353,8005.82398656271,88.4041577126492,4839.14271817676,4002.91199328136,44.2020788563246,6843.58126230459
"권상우",11,2,6,19413.911979088,16463.7024792043,202.637484009039,3235.65199651466,2743.95041320072,33.7729140015065,7925.69637667858
"권상우",11,3,2,8779.16272226803,7261.30469600097,70.7988285621922,4389.58136113402,3630.65234800048,35.3994142810961,6207.80549405588
"권상우",11,4,1,1853.46821305842,1731.49036918138,26.2532186229891,1853.46821305842,1731.49036918138,26.2532186229891,1853.46821305842
"김갑수",3,1,0,0,0,0,0,0,0,0
"김갑수",3,2,1,978.435185185185,932.391176470588,18.1586092335892,978.435185185185,932.391176470588,18.1586092335892,978.435185185185
"김갑수",3,3,1,3429.67961165049,2890.81014729951,34.3468157510938,3429.67961165049,2890.81014729951,34.3468157510938,3429.67961165049
"김갑수",3,4,1,3536.8149324861,3122.61570827489,55.4119638123919,3536.8149324861,3122.61570827489,55.4119638123919,3536.8149324861
"김남길",10,1,1,410.793650793651,386.268656716418,8.07488299531981,410.793650793651,386.268656716418,8.07488299531981,410.793650793651
"김남길",10,2,5,9504.38594185075,8984.00919793618,108.022738267682,1900.87718837015,1796.80183958724,21.6045476535364,4250.49061007433
"김남길",10,3,3,14616.8124406324,12585.9314093147,111.528363062327,4872.27081354415,4195.31046977157,37.1761210207755,8439.02059729341
"김남길",10,4,1,4455.5879494655,3872.2972972973,45.7245437319238,4455.5879494655,3872.2972972973,45.7245437319238,4455.5879494655
"김다미",2,1,0,0,0,0,0,0,0,0
"김다미",2,2,1,291.780991735537,259.122935779816,9.86049434436531,291.780991735537,259.122935779816,9.86049434436531,291.780991735537
"김다미",2,3,1,3623.96704545455,2855.05013428827,35.1055227150138,3623.96704545455,2855.05013428827,35.1055227150138,3623.96704545455
"김다미",2,4,0,0,0,0,0,0,0,0
"김대명",13,1,0,0,0,0,0,0,0,0
"김대명",13,2,1,2058.01663201663,1666.50841750842,25.4802059202059,2058.01663201663,1666.50841750842,25.4802059202059,2058.01663201663
"김대명",13,3,8,31278.6533749914,26120.6226563488,317.03766958943,3909.83167187393,3265.0778320436,39.6297086986788,11058.67395392
"김대명",13,4,4,17804.7811613105,15226.2444214418,179.285046825724,4451.19529032761,3806.56110536044,44.8212617064311,8902.39058065523
"김동완",1,1,0,0,0,0,0,0,0,0
"김동완",1,2,0,0,0,0,0,0,0,0
"김동완",1,3,1,8768.60776699029,5949.71409749671,62.782685463241,8768.60776699029,5949.71409749671,62.782685463241,8768.60776699029
"김동완",1,4,0,0,0,0,0,0,0,0
"김동욱",17,1,6,12637.5768931675,10229.3287315254,129.54133829173,2106.26281552792,1704.8881219209,21.5902230486217,5159.26916224126
"김동욱",17,2,4,8452.53777439592,7678.94857660622,122.429624545629,2113.13444359898,1919.73714415155,30.6074061364072,4226.26888719796
"김동욱",17,3,5,39744.360634953,30412.1569571703,210.019473570894,7948.8721269906,6082.43139143406,42.0038947141788,17774.2184204043
"김동욱",17,4,2,15611.6189311547,13030.3132751584,135.74703570581,7805.80946557735,6515.15663757921,67.8735178529052,11039.0816115198
"김명민",17,1,1,2802.84716157205,2731.28510638298,42.1633055245352,2802.84716157205,2731.28510638298,42.1633055245352,2802.84716157205
"김명민",17,2,4,10177.4735615925,9046.98809028069,105.112674641006,2544.36839039812,2261.74702257017,26.2781686602515,5088.73678079624
"김명민",17,3,9,38018.0071260118,30606.626689042,342.753140881475,4224.22301400131,3400.73629878244,38.0836823201639,12672.6690420039
"김명민",17,4,3,7211.25075144085,6440.85545134378,94.0568518117335,2403.75025048028,2146.95181711459,31.3522839372445,4163.41756253827
"김무열",12,1,2,726.264017621145,698.471382007823,18.5176931833539,363.132008810573,349.235691003911,9.25884659167696,513.546211791698
"김무열",12,2,3,6966.26383910929,6601.96700876359,72.8847632210172,2322.08794636976,2200.65566958786,24.2949210736724,4021.97430275571
"김무열",12,3,6,32307.2366553534,26136.9763629693,232.08279318329,5384.5394425589,4356.16272716155,38.6804655305483,13189.3741341595
"김무열",12,4,1,828.598156682028,828.598156682028,35.3558675475853,828.598156682028,828.598156682028,35.3558675475853,828.598156682028
"김미숙",3,1,1,19796.4150943396,17633.781512605,70.5434252769233,19796.4150943396,17633.781512605,70.5434252769233,19796.4150943396
"김미숙",3,2,2,8599.0349120359,7671.62186003742,72.6526478673504,4299.51745601795,3835.81093001871,36.3263239336752,6080.43589796045
"김미숙",3,3,0,0,0,0,0,0,0,0
"김미숙",3,4,0,0,0,0,0,0,0,0
"김민영",3,1,0,0,0,0,0,0,0,0
"김민영",3,2,3,25195.3399684246,19295.7493154879,115.760619072935,8398.44665614155,6431.91643849596,38.5868730243116,14546.5363130941
"김민영",3,3,0,0,0,0,0,0,0,0
"김민영",3,4,0,0,0,0,0,0,0,0
"김민희",9,1,2,2577.70333550125,2309.59971005155,33.1875119303345,1288.85166775063,1154.79985502577,16.5937559651673,1822.71150842012
"김민희",9,2,4,8136.64044627786,7198.97327967359,104.803513113666,2034.16011156946,1799.7433199184,26.2008782784166,4068.32022313893
"김민희",9,3,2,4524.91909592444,4004.89481949247,52.1507516400583,2262.45954796222,2002.44740974624,26.0753758200292,3199.60097704868
"김민희",9,4,1,4220.99409448819,3662.28010247652,47.4541893506838,4220.99409448819,3662.28010247652,47.4541893506838,4220.99409448819
"김보미",7,1,1,169.236607142857,160.631355932203,7.71291963377416,169.236607142857,160.631355932203,7.71291963377416,169.236607142857
"김보미",7,2,2,21854.4457885305,16223.1021135414,86.1390113981288,10927.2228942652,8111.55105677071,43.0695056990644,15453.4268161437
"김보미",7,3,4,13588.6269503825,12421.4471975011,142.879076328482,3397.15673759563,3105.36179937527,35.7197690821204,6794.31347519126
"김보미",7,4,0,0,0,0,0,0,0,0
"김상경",10,1,2,8471.98097921803,8443.93091655267,101.204594717913,4235.99048960902,4221.96545827633,50.6022973589567,5990.59520048852
"김상경",10,2,4,7561.63140348259,6134.17896243726,103.362272297447,1890.40785087065,1533.54474060932,25.8405680743619,3780.8157017413
"김상경",10,3,4,26939.7961597317,23371.9889712181,182.324778489632,6734.94903993293,5842.99724280454,45.581194622408,13469.8980798659
"김상경",10,4,0,0,0,0,0,0,0,0
"김상중",4,1,1,2376.69822485207,2243.9217877095,31.5226808978182,2376.69822485207,2243.9217877095,31.5226808978182,2376.69822485207
"김상중",4,2,2,19346.0311409701,16554.6206322686,137.10332455384,9673.01557048505,8277.31031613432,68.55166227692,13679.7098088261
"김상중",4,3,0,0,0,0,0,0,0,0
"김상중",4,4,1,4015.71729587357,3027.06949040371,40.1437799504994,4015.71729587357,3027.06949040371,40.1437799504994,4015.71729587357
"김상호",36,1,9,47922.3516686253,40942.8758013885,324.022266985612,5324.70574095837,4549.2084223765,36.0024741095125,15974.1172228751
"김상호",36,2,11,53418.2879044018,43184.548129203,387.168113206517,4856.20799130925,3925.86801174572,35.1971012005925,16106.2198110983
"김상호",36,3,14,53006.1861842334,46975.6451442059,523.648108673714,3786.15615601667,3355.40322458614,37.4034363338367,14166.4991486394
"김상호",36,4,2,3829.6363744934,3707.65853061636,65.5817030387764,1914.8181872467,1853.82926530818,32.7908515193882,2707.96184988295
"김새론",6,1,1,479.078853046595,467.353146853147,12.9468229368462,479.078853046595,467.353146853147,12.9468229368462,479.078853046595
"김새론",6,2,3,15967.1600863148,13251.0188880467,77.1523876001188,5322.38669543826,4417.00629601556,25.7174625333729,9218.64417402769
"김새론",6,3,2,5839.67882152766,4688.70597127223,62.4580170345415,2919.83941076383,2344.35298563611,31.2290085172708,4129.27649465367
"김새론",6,4,0,0,0,0,0,0,0,0
"김성규",7,1,2,607.911896913395,520.082596956308,43.8716965258105,303.955948456698,260.041298478154,21.9358482629053,429.858624671439
"김성규",7,2,2,13953.0030930931,7666.61025497651,77.4736304676519,6976.50154654655,3833.30512748826,38.736815233826,9866.263105043
"김성규",7,3,2,6457.66278566992,5347.37268776004,63.7807767093646,3228.83139283496,2673.68634388002,31.8903883546823,4566.25714636321
"김성규",7,4,1,1246.76383476228,1184.0103626943,26.3572970390021,1246.76383476228,1184.0103626943,26.3572970390021,1246.76383476228
"김성균",24,1,2,785.058687782153,732.061257715778,32.0168044136549,392.529343891076,366.030628857889,16.0084022068274,555.120321760173
"김성균",24,2,7,15048.4659397328,11341.1577128218,187.31971073139,2149.78084853326,1620.16538754596,26.7599586759129,5687.78549850843
"김성균",24,3,10,30594.5673776603,25266.6754737074,369.935862328684,3059.45673776603,2526.66754737074,36.9935862328684,9674.85169408915
"김성균",24,4,5,20179.268732425,17334.8738417858,251.988182038677,4035.85374648499,3466.97476835717,50.3976364077354,9024.44332438764
"김성령",10,1,1,549.286852589641,346.409547738693,24.3760608203678,549.286852589641,346.409547738693,24.3760608203678,549.286852589641
"김성령",10,2,3,4183.06552702226,4067.5017487581,71.1394818979834,1394.35517567409,1355.8339162527,23.7131606326611,2415.09400806414
"김성령",10,3,4,17259.913466811,15101.8265210358,147.578536028437,4314.97836670274,3775.45663025896,36.8946340071094,8629.95673340548
"김성령",10,4,2,8828.72590077494,6957.70757675596,82.3819115582928,4414.36295038747,3478.85378837798,41.1909557791464,6242.85195367527
"김수미",20,1,12,58856.1173460024,48959.8096363229,399.130269890484,4904.6764455002,4079.98413636024,33.260855824207,16990.2975965853
"김수미",20,2,6,38920.6774689383,32355.5323526837,263.827902073388,6486.77957815638,5392.58872544729,43.9713170122314,15889.3000403894
"김수미",20,3,2,7230.90993325334,6637.49831496104,58.0688560888912,3615.45496662667,3318.74915748052,29.0344280444456,5113.0254479526
"김수미",20,4,0,0,0,0,0,0,0,0
"김수안",16,1,2,997.350006642753,946.153156860056,33.4704200900954,498.675003321376,473.076578430028,16.7352100450477,705.232952913539
"김수안",16,2,2,4195.11476751867,3520.89027261305,47.6331762748388,2097.55738375934,1760.44513630652,23.8165881374194,2966.39409996828
"김수안",16,3,8,18522.7946887635,16424.2178670072,253.029068749722,2315.34933609543,2053.02723337591,31.6286335937153,6548.79686547541
"김수안",16,4,4,21166.1664893411,18439.664635014,233.970818212793,5291.54162233527,4609.9161587535,58.4927045531983,10583.0832446705
"김수현",18,1,5,23745.8144784168,22267.51062468,192.521696660517,4749.16289568337,4453.502124936,38.5043393321034,10619.4510709677
"김수현",18,2,6,23734.3213509443,22233.9477634931,200.265871009742,3955.72022515738,3705.65796058219,33.3776451682903,9689.49611684296
"김수현",18,3,5,21132.8650296484,13679.8008593265,148.950559751694,4226.57300592968,2735.9601718653,29.7901119503387,9450.90455312438
"김수현",18,4,2,22014.9941601813,17089.8669153285,142.797478577731,11007.4970800907,8544.93345766426,71.3987392888657,15566.9516584464
"김승우",6,1,3,9219.72532940847,8055.51507654733,102.781241874359,3073.24177646949,2685.17169218244,34.2604139581198,5323.01090078839
"김승우",6,2,1,569.657627118644,560.163333333333,10.6292852624921,569.657627118644,560.163333333333,10.6292852624921,569.657627118644
"김승우",6,3,2,9156.07003548777,7343.36010733409,76.6862601077947,4578.03501774388,3671.68005366705,38.3431300538974,6474.31921111235
"김승우",6,4,0,0,0,0,0,0,0,0
"김시은",11,1,1,817.458646616541,692.496815286624,26.3696337618239,817.458646616541,692.496815286624,26.3696337618239,817.458646616541
"김시은",11,2,2,8213.12463914183,5291.5440473307,71.8964292780253,4106.56231957092,2645.77202366535,35.9482146390126,5807.55612706751
"김시은",11,3,3,6709.05984877763,6381.05965993483,105.412898134276,2236.35328292588,2127.01988664494,35.1376327114254,3873.47750970107
"김시은",11,4,5,22411.5605325143,19159.768324295,267.802699060363,4482.31210650286,3831.953664859,53.5605398120726,10022.7545665107
"김아중",7,1,1,856.5,841.858974358974,16.5569843671205,856.5,841.858974358974,16.5569843671205,856.5
"김아중",7,2,3,26670.1082568935,22841.0486030272,155.697783400886,8890.03608563115,7613.68286767573,51.8992611336286,15397.9941814339
"김아중",7,3,1,3443.11466165414,3318.36413043478,46.6637030621083,3443.11466165414,3318.36413043478,46.6637030621083,3443.11466165414
"김아중",7,4,2,8742.79196254024,7086.58017742661,89.3909809506383,4371.39598127012,3543.2900887133,44.6954904753191,6182.08748321545
"김영애",11,1,2,2368.96861520155,2098.39635701275,47.6903676867941,1184.48430760077,1049.19817850638,23.845183843397,1675.11377222712
"김영애",11,2,2,6595.06960326838,5924.28395874667,44.3453110687023,3297.53480163419,2962.14197937333,22.1726555343511,4663.41843886835
"김영애",11,3,6,37328.3745767995,28844.4846294775,288.70094044458,6221.39576279991,4807.41410491292,48.1168234074299,15239.2451067731
"김영애",11,4,1,4455.5879494655,3872.2972972973,45.7245437319238,4455.5879494655,3872.2972972973,45.7245437319238,4455.5879494655
"김우빈",5,1,0,0,0,0,0,0,0,0
"김우빈",5,2,1,3409.50379746835,3110.28637413395,34.3980894973437,3409.50379746835,3110.28637413395,34.3980894973437,3409.50379746835
"김우빈",5,3,3,11820.5787723416,10358.420664956,132.256256757967,3940.19292411387,3452.80688831868,44.0854189193223,6824.6143361886
"김우빈",5,4,1,4938.25,4763.88141239174,56.3362090020248,4938.25,4763.88141239174,56.3362090020248,4938.25
"김원희",3,1,1,50923.5,1907.24719101124,25.8494923857868,50923.5,1907.24719101124,25.8494923857868,50923.5
"김원희",3,2,2,22977.7204374694,18758.9156656657,124.777343408765,11488.8602187347,9379.45783283283,62.3886717043826,16247.7019375434
"김원희",3,3,0,0,0,0,0,0,0,0
"김원희",3,4,0,0,0,0,0,0,0,0
"김윤석",25,1,3,20907.3525728425,19886.9614825581,149.315975255875,6969.11752428083,6628.98716085271,49.7719917519585,12070.865635973
"김윤석",25,2,8,56976.720104086,46866.5829593642,341.028841765054,7122.09001301075,5858.32286992052,42.6286052206318,20144.3125776836
"김윤석",25,3,11,55002.3161703925,46902.1908020668,468.578690723105,5000.21056094478,4263.83552746061,42.5980627930096,16583.8223034263
"김윤석",25,4,3,23577.1166647464,20599.9710093182,190.009801531857,7859.03888824881,6866.65700310607,63.336600510619,13612.2546531066
"김윤진",7,1,1,3959.11333333333,3514.00591715976,38.944652108335,3959.11333333333,3514.00591715976,38.944652108335,3959.11333333333
"김윤진",7,2,4,18460.3957922774,17163.6443724534,132.082847849451,4615.09894806934,4290.91109311336,33.0207119623628,9230.19789613868
"김윤진",7,3,1,5146.44608879493,4057.115,42.8930962785453,5146.44608879493,4057.115,42.8930962785453,5146.44608879493
"김윤진",7,4,1,15318.5617615467,13660.5181992337,67.061566602716,15318.5617615467,13660.5181992337,67.061566602716,15318.5617615467
"김인권",20,1,4,10179.758359451,8850.59917774316,128.973269129016,2544.93958986274,2212.64979443579,32.243317282254,5089.87917972549
"김인권",20,2,4,6292.4324548392,5852.57714178144,78.963886355651,1573.1081137098,1463.14428544536,19.7409715889127,3146.2162274196
"김인권",20,3,10,54254.5728763676,45070.3766533564,414.818184177566,5425.45728763676,4507.03766533564,41.4818184177566,17156.8023768914
"김인권",20,4,2,8302.22993983984,7698.22358063433,70.0958207252207,4151.11496991992,3849.11179031716,35.0479103626104,5870.56308943073
"김정은",8,1,3,9853.21358543417,9650.49392646229,117.768424900968,3284.40452847806,3216.83130882076,39.2561416336561,5688.7555159333
"김정은",8,2,3,12280.3671099276,11267.5467100183,95.3076380367673,4093.4557033092,3755.84890333942,31.7692126789224,7090.07325666413
"김정은",8,3,2,2539.24289053305,2419.71811148733,41.9538711455265,1269.62144526653,1209.85905574367,20.9769355727633,1795.51586697565
"김정은",8,4,0,0,0,0,0,0,0,0
"김정태",16,1,5,29783.1863064662,25764.6650362217,227.761712487857,5956.63726129323,5152.93300724434,45.5523424975713,13319.4458335599
"김정태",16,2,9,28979.8457360215,23412.2001228481,287.532267542456,3219.98285955795,2601.35556920534,31.9480297269396,9659.94857867384
"김정태",16,3,2,22903.2201062574,16504.104368718,104.856170552731,11451.6100531287,8252.05218435898,52.4280852763657,16195.0222481427
"김정태",16,4,0,0,0,0,0,0,0,0
"김주혁",18,1,2,3611.03376616989,3370.81808432406,77.5781416956225,1805.51688308494,1685.40904216203,38.7890708478112,2553.38646315233
"김주혁",18,2,10,19710.9907894488,17515.9573684582,238.279306188679,1971.09907894488,1751.59573684582,23.8279306188679,6233.16258332585
"김주혁",18,3,4,19953.2201824379,16154.794969324,168.697305196396,4988.30504560947,4038.698742331,42.174326299099,9976.61009121893
"김주혁",18,4,2,6010.49290343584,4489.39156373869,62.5255445677148,3005.24645171792,2244.69578186934,31.2627722838574,4250.0602902931
"김주현",4,1,0,0,0,0,0,0,0,0
"김주현",4,2,2,713.603293150685,698.066150482315,25.8046203672267,356.801646575342,349.033075241158,12.9023101836133,504.593727663901
"김주현",4,3,1,1071.24507042254,1046.6752293578,23.8572175404111,1071.24507042254,1046.6752293578,23.8572175404111,1071.24507042254
"김주현",4,4,1,4455.5879494655,3872.2972972973,45.7245437319238,4455.5879494655,3872.2972972973,45.7245437319238,4455.5879494655
"김준배",16,1,8,23491.290077134,15430.7880680277,200.082069456996,2936.41125964175,1928.84850850346,25.0102586821245,8305.42525618085
"김준배",16,2,6,16959.4213612031,15527.4767875014,200.890985702024,2826.57022686718,2587.9127979169,33.4818309503373,6923.65477796749
"김준배",16,3,2,5556.3644500548,5105.63897517427,74.3719970720589,2778.1822250274,2552.81948758713,37.1859985360295,3928.94298137761
"김준배",16,4,0,0,0,0,0,0,0,0
"김지석",9,1,3,13765.25610655,11303.6602060531,98.2161688090083,4588.41870218334,3767.88673535103,32.7387229363361,7947.37431858079
"김지석",9,2,4,23269.5860010001,21034.1598851123,152.471262240629,5817.39650025002,5258.53997127807,38.1178155601573,11634.7930005
"김지석",9,3,2,19052.5178413566,17206.2979023646,93.0459875096784,9526.25892067829,8603.1489511823,46.5229937548392,13472.1645643009
"김지석",9,4,0,0,0,0,0,0,0,0
"김지수",17,1,4,7147.949667332,6718.96247858812,98.7061234342008,1786.987416833,1679.74061964703,24.6765308585502,3573.974833666
"김지수",17,2,2,9709.72408353053,8898.39764252772,72.3295681847245,4854.86204176527,4449.19882126386,36.1647840923623,6865.81174291478
"김지수",17,3,4,27882.5267378677,21449.2535340632,191.380003533865,6970.63168446693,5362.3133835158,47.8450008834662,13941.2633689339
"김지수",17,4,7,28216.9821344188,24881.7201410442,251.635593941753,4030.99744777412,3554.5314487206,35.947941991679,10665.0167823464
"김지영",27,1,12,95582.4867902304,43575.726154807,477.457629152006,7965.2072325192,3631.31051290058,39.7881357626671,27592.2872390767
"김지영",27,2,7,34533.7134087771,30370.6797473775,272.00908030461,4933.3876298253,4338.66853533964,38.8584400435157,13052.5167896001
"김지영",27,3,5,29028.0663072469,25764.9946475083,177.184473133452,5805.61326144939,5152.99892950167,35.4368946266904,12981.7459036751
"김지영",27,4,3,32916.96209611,27459.4661366649,169.266514895979,10972.3206987033,9153.15537888831,56.4221716319932,19004.6169270938
"김지호",7,1,1,14121.893877551,6528.04528301887,48.3268475968321,14121.893877551,6528.04528301887,48.3268475968321,14121.893877551
"김지호",7,2,3,1352.66121109581,1269.21918428895,51.0517482625119,450.887070365269,423.073061429649,17.0172494208373,780.959314348529
"김지호",7,3,2,2996.64404504226,2553.03340208879,40.9309592799921,1498.32202252113,1276.5167010444,20.465479639996,2118.94732505167
"김지호",7,4,1,3536.8149324861,3122.61570827489,55.4119638123919,3536.8149324861,3122.61570827489,55.4119638123919,3536.8149324861
"김태리",3,1,0,0,0,0,0,0,0,0
"김태리",3,2,0,0,0,0,0,0,0,0
"김태리",3,3,1,1813.3706377858,1704.65045248869,22.0234570246847,1813.3706377858,1704.65045248869,22.0234570246847,1813.3706377858
"김태리",3,4,2,9788.65152327957,9229.93753126789,99.7771025508054,4894.32576163978,4614.96876563395,49.8885512754027,6921.62187078301
"김하늘",10,1,1,1268.8384279476,1026.72791519435,22.0726223032513,1268.8384279476,1026.72791519435,22.0726223032513,1268.8384279476
"김하늘",10,2,7,36557.5889685417,28832.43485176,272.892775724204,5222.51270979167,4118.91926453714,38.9846822463148,13817.4698489828
"김하늘",10,3,1,1497.07825203252,1497.07825203252,34.8693398347812,1497.07825203252,1497.07825203252,34.8693398347812,1497.07825203252
"김하늘",10,4,1,9370.46488946684,7537.53922594142,67.5610013360523,9370.46488946684,7537.53922594142,67.5610013360523,9370.46488946684
"김혜수",13,1,3,10647.382754876,9154.44281368602,92.9324798406225,3549.12758495867,3051.48093789534,30.9774932802075,6147.26929969265
"김혜수",13,2,5,30617.6006268984,22451.361162439,197.757588914688,6123.52012537968,4490.2722324878,39.5515177829376,13692.607261937
"김혜수",13,3,2,3578.33532708018,2889.46988867771,50.7715625798658,1789.16766354009,1444.73494433885,25.3857812899329,2530.26517513778
"김혜수",13,4,3,27625.6461718701,22450.3772393443,193.728851416767,9208.54872395669,7483.45907978144,64.576283805589,15949.6742538665
"김환희",3,1,0,0,0,0,0,0,0,0
"김환희",3,2,1,204.563674321503,204.563674321503,9.56614273162159,204.563674321503,204.563674321503,9.56614273162159,204.563674321503
"김환희",3,3,1,1731.70442477876,1684.01549053356,23.4918725539629,1731.70442477876,1684.01549053356,23.4918725539629,1731.70442477876
"김환희",3,4,1,6115.54577777778,4632.98922558923,52.7881794187153,6115.54577777778,4632.98922558923,52.7881794187153,6115.54577777778
"나나",1,1,0,0,0,0,0,0,0,0
"나나",1,2,0,0,0,0,0,0,0,0
"나나",1,3,0,0,0,0,0,0,0,0
"나나",1,4,1,3362.62845188285,3058.09817351598,34.2222383089619,3362.62845188285,3058.09817351598,34.2222383089619,3362.62845188285
"나문희",12,1,2,3177.03404271291,3076.74266920547,47.2686415976953,1588.51702135645,1538.37133460273,23.6343207988477,2246.50231566281
"나문희",12,2,6,40207.9063655987,36153.0032290571,257.944728140564,6701.31772759979,6025.50053817619,42.9907880234273,16414.8090368868
"나문희",12,3,3,16501.5618107,9853.63199478738,100.000937092861,5500.52060356667,3284.54399826246,33.3336456976204,9527.18115345689
"나문희",12,4,1,3270.38844621514,2880.23684210526,35.2780583191869,3270.38844621514,2880.23684210526,35.2780583191869,3270.38844621514
"나영희",3,1,2,15515.843457383,7738.8482027269,80.6369371955855,7757.92172869148,3869.42410136345,40.3184685977928,10971.3581245444
"나영희",3,2,0,0,0,0,0,0,0,0
"나영희",3,3,1,1971.27698863636,1828.43083003953,26.1830273758089,1971.27698863636,1828.43083003953,26.1830273758089,1971.27698863636
"나영희",3,4,0,0,0,0,0,0,0,0
"남보라",9,1,2,1675.97161839943,1439.82752820915,45.2671836374827,837.985809199713,719.913764104574,22.6335918187413,1185.09089644643
"남보라",9,2,4,25059.8209618773,18949.6959619911,139.561496073331,6264.95524046933,4737.42399049777,34.8903740183327,12529.9104809387
"남보라",9,3,2,7327.88732285259,6640.20820037106,78.5655613092385,3663.94366142629,3320.10410018553,39.2827806546192,5181.59881776
"남보라",9,4,1,5125.72952853598,5119.37794299876,59.767056304612,5125.72952853598,5119.37794299876,59.767056304612,5125.72952853598
"남상지",1,1,0,0,0,0,0,0,0,0
"남상지",1,2,0,0,0,0,0,0,0,0
"남상지",1,3,0,0,0,0,0,0,0,0
"남상지",1,4,1,3193.14822335025,3191.52815829528,62.9585347545414,3193.14822335025,3191.52815829528,62.9585347545414,3193.14822335025
"남주혁",1,1,0,0,0,0,0,0,0,0
"남주혁",1,2,0,0,0,0,0,0,0,0
"남주혁",1,3,0,0,0,0,0,0,0,0
"남주혁",1,4,1,4853.71989295272,3533.12987012987,49.2649668610336,4853.71989295272,3533.12987012987,49.2649668610336,4853.71989295272
"다니엘 헤니",3,1,0,0,0,0,0,0,0,0
"다니엘 헤니",3,2,2,5203.08885941645,4894.60061976647,62.4818713555536,2601.54442970822,2447.30030988324,31.2409356777768,3679.13941560955
"다니엘 헤니",3,3,1,4943.90215827338,4377.08535031847,47.195373880556,4943.90215827338,4377.08535031847,47.195373880556,4943.90215827338
"다니엘 헤니",3,4,0,0,0,0,0,0,0,0
"류승룡",22,1,4,3497.81517665436,3146.60285950604,68.6749475584229,874.453794163591,786.650714876509,17.1687368896057,1748.90758832718
"류승룡",22,2,6,19786.493901394,16423.199694918,202.315141475335,3297.74898356566,2737.199949153,33.7191902458891,8077.80230951774
"류승룡",22,3,9,76605.460241519,60206.91110017,405.830498700895,8511.71780461322,6689.65678890778,45.0922776334328,25535.1534138397
"류승룡",22,4,3,26573.0696113309,20121.1251065562,170.671005745162,8857.68987044362,6707.0417021854,56.8903352483872,15341.9688932965
"류승범",18,1,6,24998.4650702959,23337.239787613,198.306899117255,4166.41084504931,3889.53996460217,33.0511498528758,10205.5806291689
"류승범",18,2,8,30457.8260568741,28067.3180229377,267.284306323727,3807.22825710927,3508.41475286721,33.4105382904658,10768.467672508
"류승범",18,3,3,19383.8413658067,16854.2023325479,144.416775690678,6461.28045526891,5618.06744418263,48.138925230226,11191.2660304775
"류승범",18,4,1,1657.42676579926,1559.99930020994,33.5329803396561,1657.42676579926,1559.99930020994,33.5329803396561,1657.42676579926
"류신",1,1,0,0,0,0,0,0,0,0
"류신",1,2,1,6992.55750487329,4094.95662100457,39.7304403685983,6992.55750487329,4094.95662100457,39.7304403685983,6992.55750487329
"류신",1,3,0,0,0,0,0,0,0,0
"류신",1,4,0,0,0,0,0,0,0,0
"류준열",11,1,1,549.286852589641,346.409547738693,24.3760608203678,549.286852589641,346.409547738693,24.3760608203678,549.286852589641
"류준열",11,2,2,1806.90083424674,1697.17311175349,45.8370217088598,903.450417123371,848.586555876744,22.9185108544299,1277.6718328275
"류준열",11,3,2,2606.49043811858,2487.35160191398,40.7147361400482,1303.24521905929,1243.67580095699,20.3573680700241,1843.06706389154
"류준열",11,4,6,25739.1129329917,20793.9753381877,263.069488405965,4289.85215549862,3465.66255636462,43.8449147343275,10507.9488529502
"리암 니슨",3,1,1,334.197530864198,221.885245901639,17.7858081471748,334.197530864198,221.885245901639,17.7858081471748,334.197530864198
"리암 니슨",3,2,1,1345.97752808989,1254.3664921466,44.2935847661305,1345.97752808989,1254.3664921466,44.2935847661305,1345.97752808989
"리암 니슨",3,3,1,7825.16648168701,6721.13918017159,72.6613385274961,7825.16648168701,6721.13918017159,72.6613385274961,7825.16648168701
"리암 니슨",3,4,0,0,0,0,0,0,0,0
"마동석",31,1,4,2637.38163861362,2542.34038929208,72.3419626184324,659.345409653405,635.58509732302,18.0854906546081,1318.69081930681
"마동석",31,2,5,25500.9679899504,16701.3239977674,169.99227629966,5100.19359799009,3340.26479955347,33.9984552599319,11404.3795835151
"마동석",31,3,13,38033.4703964591,32544.4237689619,446.291189241649,2925.6515689584,2503.41721299707,34.3300914801268,10548.5867460212
"마동석",31,4,9,50868.6130527393,44022.5661853436,526.09398048713,5652.06811697103,4891.39624281596,58.4548867207922,16956.2043509131
"문근영",3,1,1,8799.80568720379,7736.49583333333,50.89520859602,8799.80568720379,7736.49583333333,50.89520859602,8799.80568720379
"문근영",3,2,1,1648.67441860465,1552.40145985401,28.0246409276585,1648.67441860465,1552.40145985401,28.0246409276585,1648.67441860465
"문근영",3,3,0,0,0,0,0,0,0,0
"문근영",3,4,1,5563.35796972395,5163.3479338843,50.2776449948899,5563.35796972395,5163.3479338843,50.2776449948899,5563.35796972395
"문성근",12,1,3,8864.20238126311,8210.25887699517,82.1838236652206,2954.7341270877,2736.75295899839,27.3946078884069,5117.74963097358
"문성근",12,2,2,3859.80296883644,2820.48158891884,49.0999233373328,1929.90148441822,1410.24079445942,24.5499616686664,2729.29285330821
"문성근",12,3,6,16391.8378116294,14894.5505459829,216.214961935813,2731.97296860491,2482.42509099715,36.0358269893022,6691.93976415863
"문성근",12,4,1,5567.65742879138,5567.65742879138,52.3229132001215,5567.65742879138,5567.65742879138,52.3229132001215,5567.65742879138
"문소리",15,1,4,16724.5085624713,14804.5235363503,154.681158076055,4181.12714061783,3701.13088408757,38.6702895190137,8362.25428123567
"문소리",15,2,2,18611.4948141041,15680.8982166159,112.864757646432,9305.74740705205,7840.44910830796,56.4323788232158,13160.3141910713
"문소리",15,3,5,13171.7953533816,11857.8698466161,147.002447311638,2634.35907067632,2371.57396932321,29.4004894623276,5890.60595917543
"문소리",15,4,4,18767.135943512,16675.1290275538,175.494551500709,4691.78398587799,4168.78225688844,43.8736378751773,9383.56797175598
"문정희",12,1,3,4919.07389213329,4600.95411332492,85.1526120510859,1639.69129737776,1533.65137110831,28.3842040170286,2840.02863578681
"문정희",12,2,2,3490.5125856127,3328.97525493978,63.8873350393222,1745.25629280635,1664.48762746989,31.9436675196611,2468.16511910373
"문정희",12,3,6,27558.9150709957,21977.2208916578,235.721834263029,4593.15251183262,3662.87014860963,39.2869723771716,11250.8799647728
"문정희",12,4,1,4455.5879494655,3872.2972972973,45.7245437319238,4455.5879494655,3872.2972972973,45.7245437319238,4455.5879494655
"문채원",5,1,0,0,0,0,0,0,0,0
"문채원",5,2,1,2233.48630136986,2203.30405405405,29.8903707777625,2233.48630136986,2203.30405405405,29.8903707777625,2233.48630136986
"문채원",5,3,3,18639.4758749672,15919.4334461319,121.526019698811,6213.15862498908,5306.4778153773,40.5086732329371,10761.5064139659
"문채원",5,4,1,1952.7352666043,1868.8218442256,35.7138408896493,1952.7352666043,1868.8218442256,35.7138408896493,1952.7352666043
"민효린",4,1,0,0,0,0,0,0,0,0
"민효린",4,2,3,19375.0287299558,14077.3652684174,81.0647705216263,6458.34290998528,4692.45508947246,27.0215901738754,11186.1780527967
"민효린",4,3,1,9665.23031496063,7074.83717579251,62.4745454314107,9665.23031496063,7074.83717579251,62.4745454314107,9665.23031496063
"민효린",4,4,0,0,0,0,0,0,0,0
"박기웅",7,1,5,10924.3068878994,10135.6750455519,132.055480835374,2184.86137757989,2027.13500911038,26.4110961670747,4885.49856168246
"박기웅",7,2,0,0,0,0,0,0,0,0
"박기웅",7,3,1,14256.9332061069,12147.3707317073,57.4425469420395,14256.9332061069,12147.3707317073,57.4425469420395,14256.9332061069
"박기웅",7,4,1,7426.98292422625,5189.47278150634,59.2459028954291,7426.98292422625,5189.47278150634,59.2459028954291,7426.98292422625
"박민하",1,1,0,0,0,0,0,0,0,0
"박민하",1,2,0,0,0,0,0,0,0,0
"박민하",1,3,1,4646.58569299553,3868.31141439206,56.6409730043963,4646.58569299553,3868.31141439206,56.6409730043963,4646.58569299553
"박민하",1,4,0,0,0,0,0,0,0,0
"박보영",13,1,4,12019.7265637838,9402.65575757934,135.576164966646,3004.93164094595,2350.66393939484,33.8940412416614,6009.86328189191
"박보영",13,2,5,45875.8962069342,36824.1818173523,169.723591859905,9175.17924138685,7364.83636347046,33.9447183719811,20516.3244894859
"박보영",13,3,4,19349.4762016773,14325.361310206,157.641751311248,4837.36905041934,3581.34032755149,39.410437827812,9674.73810083867
"박보영",13,4,0,0,0,0,0,0,0,0
"박서준",8,1,0,0,0,0,0,0,0,0
"박서준",8,2,1,3815.40253164557,3649.11380145278,35.5662434511729,3815.40253164557,3649.11380145278,35.5662434511729,3815.40253164557
"박서준",8,3,4,9528.13297520219,8670.86930283894,118.04132171678,2382.03324380055,2167.71732570973,29.5103304291951,4764.06648760109
"박서준",8,4,3,11933.2538549786,11454.1480936876,133.773117256542,3977.75128499286,3818.04936456252,44.5910390855139,6889.66732548003
"박성웅",32,1,10,30524.8138504205,26290.1403844382,279.323119404088,3052.48138504205,2629.01403844382,27.9323119404088,9652.79369199832
"박성웅",32,2,14,28248.2927893426,24478.3769507172,370.317072018415,2017.73519923876,1748.4554964798,26.4512194298868,7549.67381278548
"박성웅",32,3,3,17383.1547043066,15287.8207499679,153.153424027319,5794.38490143553,5095.9402499893,51.0511413424396,10036.1690478963
"박성웅",32,4,5,20548.8500094619,16212.622931801,208.652651229442,4109.77000189237,3242.5245863602,41.7305302458883,9189.72509612078
"박신양",3,1,1,1157.87659574468,1088.404,18.5633101378087,1157.87659574468,1088.404,18.5633101378087,1157.87659574468
"박신양",3,2,2,11115.308622409,7854.48671415649,88.9327753711772,5557.6543112045,3927.24335707825,44.4663876855886,7859.71010188671
"박신양",3,3,0,0,0,0,0,0,0,0
"박신양",3,4,0,0,0,0,0,0,0,0
"박원상",12,1,5,32653.0052701734,23746.6807475239,177.57932459326,6530.60105403468,4749.33614950478,35.515864918652,14602.8678907533
"박원상",12,2,2,11975.9289210904,10844.2266039739,82.208784217059,5987.96446054518,5422.11330198696,41.1043921085295,8468.26055111109
"박원상",12,3,3,24807.2089526986,18425.1987738579,135.669016914261,8269.06965089952,6141.73292461929,45.223005638087,14322.4487666838
"박원상",12,4,2,9579.07526559753,8190.417424288,90.4214249453893,4789.53763279876,4095.208712144,45.2107124726946,6773.42907780034
"박인환",10,1,3,6726.54021902017,6719.00560484695,91.9950007829143,2242.18007300672,2239.66853494898,30.6650002609714,3883.56980616614
"박인환",10,2,4,6279.89373726056,5783.44332398603,86.537202300768,1569.97343431514,1445.86083099651,21.634300575192,3139.94686863028
"박인환",10,3,2,19929.8469492758,12851.2408790317,111.791800845908,9964.92347463791,6425.62043951584,55.8959004229538,14092.529925843
"박인환",10,4,1,7124.72486772487,5678.31987951807,46.6119630309114,7124.72486772487,5678.31987951807,46.6119630309114,7124.72486772487
"박정민",26,1,4,7823.89192783117,6576.81599828788,110.410659245981,1955.97298195779,1644.20399957197,27.6026648114953,3911.94596391558
"박정민",26,2,5,18821.7395316167,14870.5179335741,158.327331427886,3764.34790632334,2974.10358671483,31.6654662855771,8417.33780949799
"박정민",26,3,10,26780.2215087612,23366.2801641913,328.103364633208,2678.02215087612,2336.62801641913,32.8103364633208,8468.64962115164
"박정민",26,4,7,17451.4344667666,16665.3445893526,276.053591792756,2493.06206668094,2380.76351276466,39.4362273989652,6596.0222314865
"박준면",10,1,1,1252.90476190476,1202.02538071066,18.8010321556173,1252.90476190476,1202.02538071066,18.8010321556173,1252.90476190476
"박준면",10,2,8,30101.8501663991,26487.0529941903,250.477740624494,3762.73127079989,3310.88162427379,31.3097175780617,10642.6111894611
"박준면",10,3,1,3573.96894409938,2797.77471636953,39.1142002583101,3573.96894409938,2797.77471636953,39.1142002583101,3573.96894409938
"박준면",10,4,0,0,0,0,0,0,0,0
"박지희",2,1,0,0,0,0,0,0,0,0
"박지희",2,2,1,6992.55750487329,4094.95662100457,39.7304403685983,6992.55750487329,4094.95662100457,39.7304403685983,6992.55750487329
"박지희",2,3,1,10297.740237691,9910.73366013072,59.2575813826253,10297.740237691,9910.73366013072,59.2575813826253,10297.740237691
"박지희",2,4,0,0,0,0,0,0,0,0
"박진주",9,1,0,0,0,0,0,0,0,0
"박진주",9,2,4,21818.729387928,16378.7211984968,121.106385352265,5454.68234698201,4094.68029962421,30.2765963380662,10909.364693964
"박진주",9,3,3,17321.399762233,15031.7336628289,117.873467641642,5773.79992074432,5010.57788760962,39.2911558805474,10000.5148154663
"박진주",9,4,2,4329.13607877435,4329.13607877435,70.9412451108989,2164.56803938718,2164.56803938718,35.4706225554494,3061.16147798069
"박해일",17,1,2,3111.47564935065,2795.2086109055,60.3077513947643,1555.73782467532,1397.60430545275,30.1538756973822,2200.14553115266
"박해일",17,2,4,17890.1298034251,16286.1779987846,154.003518810289,4472.53245085627,4071.54449969616,38.5008797025722,8945.06490171254
"박해일",17,3,9,56759.1955391284,47971.9068866656,396.224533770387,6306.57728212537,5330.21187629618,44.0249481967097,18919.7318463761
"박해일",17,4,2,4213.16971758877,3923.64116429341,78.5901154857338,2106.58485879438,1961.8205821467,39.2950577428669,2979.16087759683
"박해준",14,1,1,549.286852589641,346.409547738693,24.3760608203678,549.286852589641,346.409547738693,24.3760608203678,549.286852589641
"박해준",14,2,4,12068.3821796398,9177.44876639058,130.715934005104,3017.09554490996,2294.36219159765,32.6789835012761,6034.19108981992
"박해준",14,3,7,9652.714341413,8827.15652210549,180.270299717257,1378.95919163043,1261.02236030078,25.7528999596082,3648.38308916078
"박해준",14,4,2,6431.04656042274,4972.69869279356,79.2716040121691,3215.52328021137,2486.34934639678,39.6358020060846,4547.43663300134
"박희순",25,1,7,27158.9687069584,24122.6270364568,212.987729655276,3879.85267242263,3446.08957663668,30.4268185221823,10265.1252947996
"박희순",25,2,8,17272.0540575008,15908.7419936729,167.737400318169,2159.0067571876,1988.59274920911,20.9671750397711,6106.59327453973
"박희순",25,3,5,12083.846307845,10427.9326610414,172.492354475347,2416.769261569,2085.58653220829,34.4984708950694,5404.06035480025
"박희순",25,4,5,18165.8420877964,17674.228103996,226.679479761311,3633.16841755927,3534.8456207992,45.3358959522622,8124.01155536787
"배두나",4,1,0,0,0,0,0,0,0,0
"배두나",4,2,0,0,0,0,0,0,0,0
"배두나",4,3,3,33458.7677559464,26805.0090689574,197.12516184701,11152.9225853155,8935.00302298581,65.7083872823368,19317.4285706488
"배두나",4,4,1,1486.50398724083,1437.22127987664,41.0110663762568,1486.50398724083,1437.22127987664,41.0110663762568,1486.50398724083
"배성우",31,1,1,511.993243243243,492.045454545455,21.3872424499012,511.993243243243,492.045454545455,21.3872424499012,511.993243243243
"배성우",31,2,11,12787.2314079769,12064.2580601265,271.883670321316,1162.47558254335,1096.75073273878,24.7166973019378,3855.49533524611
"배성우",31,3,14,38901.7977211521,34649.3421333663,454.77715590628,2778.69983722515,2474.95300952616,32.4840825647343,10396.942771581
"배성우",31,4,5,34758.0433036915,28945.8108449649,246.397020857696,6951.6086607383,5789.16216899298,49.2794041715393,15544.2695183871
"백윤식",18,1,7,19173.8041355287,18282.1694495809,197.073763826677,2739.1148765041,2611.73849279728,28.1533948323824,7247.01677566726
"백윤식",18,2,2,18459.016007449,12346.6980538168,92.1414480635645,9229.50800372448,6173.34902690841,46.0707240317822,13052.4953928982
"백윤식",18,3,6,22724.0886125656,18591.6140007312,232.45653372463,3787.34810209426,3098.6023334552,38.7427556207717,9277.07032842923
"백윤식",18,4,3,19605.6617475644,15500.8035708464,155.074688514666,6535.22058252148,5166.93452361545,51.6915628382219,11319.3340875971
"뱅상 카셀",1,1,0,0,0,0,0,0,0,0
"뱅상 카셀",1,2,0,0,0,0,0,0,0,0
"뱅상 카셀",1,3,0,0,0,0,0,0,0,0
"뱅상 카셀",1,4,1,3182.40084745763,3182.40084745763,37.1522007974119,3182.40084745763,3182.40084745763,37.1522007974119,3182.40084745763
"서미지",2,1,0,0,0,0,0,0,0,0
"서미지",2,2,2,7741.32851327666,4823.82165167941,58.9753107789654,3870.66425663833,2411.91082583971,29.4876553894827,5473.9458871307
"서미지",2,3,0,0,0,0,0,0,0,0
"서미지",2,4,0,0,0,0,0,0,0,0
"선우선",8,1,3,11175.9587866141,10091.1616873492,81.8006798305912,3725.31959553805,3363.72056244972,27.2668932768637,6452.44281390384
"선우선",8,2,4,15368.935237577,12382.5390839483,121.435963397791,3842.23380939426,3095.63477098707,30.3589908494476,7684.46761878852
"선우선",8,3,1,10297.740237691,9910.73366013072,59.2575813826253,10297.740237691,9910.73366013072,59.2575813826253,10297.740237691
"선우선",8,4,0,0,0,0,0,0,0,0
"설경구",24,1,2,5429.06282450675,5344.56541410079,72.3306331650288,2714.53141225337,2672.2827070504,36.1653165825144,3838.92713869651
"설경구",24,2,7,31581.8807826019,26911.4749116663,296.552740884395,4511.69725465741,3844.49641595233,42.3646772691992,11936.8289266364
"설경구",24,3,14,70350.826845851,58527.0284328639,520.645078087874,5025.05906041793,4180.50203091885,37.1889341491339,18802.0493523881
"설경구",24,4,1,5567.65742879138,5567.65742879138,52.3229132001215,5567.65742879138,5567.65742879138,52.3229132001215,5567.65742879138
"성동일",29,1,3,7519.91341281669,5365.4116332954,68.2541481696081,2506.63780427223,1788.4705444318,22.7513827232027,4341.62403317239
"성동일",29,2,12,29871.3741547215,25451.5867746087,354.497765536541,2489.28117956013,2120.96556455073,29.5414804613784,8623.12295464625
"성동일",29,3,11,53630.360476394,40944.375017543,386.70832098979,4875.48731603581,3722.21591068573,35.1553019081627,16170.1620974277
"성동일",29,4,3,11565.8963859093,10245.3063630864,131.68480638453,3855.29879530308,3415.1021210288,43.8949354615101,6677.57339182403
"소지섭",4,1,0,0,0,0,0,0,0,0
"소지섭",4,2,1,2634.92820512821,2362.34942528736,29.0575993213629,2634.92820512821,2362.34942528736,29.0575993213629,2634.92820512821
"소지섭",4,3,2,4908.89328811731,4207.75850756815,53.6003711333883,2454.44664405866,2103.87925378407,26.8001855666941,3471.11173214888
"소지섭",4,4,1,3252.17118894919,3252.17118894919,60.6035486095151,3252.17118894919,3252.17118894919,60.6035486095151,3252.17118894919
"손예진",15,1,3,26522.4433987998,20223.3491452991,175.644863932865,8840.81446626659,6741.11638176638,58.5482879776217,15312.7398358637
"손예진",15,2,6,23747.6465390376,20347.7219877606,200.449911912134,3957.94108983959,3391.28699796009,33.4083186520223,9694.93610210215
"손예진",15,3,6,35188.2988917905,30669.7108195662,281.381953246156,5864.71648196508,5111.6184699277,46.8969922076926,14365.5628669049
"손예진",15,4,0,0,0,0,0,0,0,0
"손현주",11,1,3,5362.72292853346,5022.9168565637,61.7695677522238,1787.57430951115,1674.30561885457,20.5898559174079,3096.16952637817
"손현주",11,2,1,5563.37969924812,4378.28106508876,46.4240361389089,5563.37969924812,4378.28106508876,46.4240361389089,5563.37969924812
"손현주",11,3,6,16755.9619755016,14362.7960614109,191.002545742543,2792.66032925027,2393.79934356849,31.8337576237572,6840.59283157602
"손현주",11,4,1,7426.98292422625,5189.47278150634,59.2459028954291,7426.98292422625,5189.47278150634,59.2459028954291,7426.98292422625
"송강호",19,1,2,14772.2319932998,12587.2617519257,116.351631763803,7386.11599664992,6293.63087596287,58.1758158819015,10445.5454157232
"송강호",19,2,3,13717.0953060789,12075.2891684903,129.307143879511,4572.3651020263,4025.09638949676,43.1023812931704,7919.56866746441
"송강호",19,3,6,68438.4450136149,54156.5059216049,373.104224025473,11406.4075022691,9026.08432026749,62.1840373375788,27939.8781788134
"송강호",19,4,8,47915.6240312631,39816.0461541571,436.414443000508,5989.45300390789,4977.00576926964,54.5518053750635,16940.7313386456
"송중기",6,1,1,1963.43601895735,1490.23381294964,36.2200559538381,1963.43601895735,1490.23381294964,36.2200559538381,1963.43601895735
"송중기",6,2,2,3195.67300171527,2765.70631291903,50.0034147707918,1597.83650085763,1382.85315645952,25.0017073853959,2259.68204996763
"송중기",6,3,2,19294.4265885077,14839.6114261063,112.690872111447,9647.21329425387,7419.80571305313,56.3454360557236,13643.2198798399
"송중기",6,4,1,3252.17118894919,3252.17118894919,60.6035486095151,3252.17118894919,3252.17118894919,60.6035486095151,3252.17118894919
"송지효",6,1,0,0,0,0,0,0,0,0
"송지효",6,2,2,6147.19181629182,5835.34461538462,67.4990980183849,3073.59590814591,2917.67230769231,33.7495490091925,4346.72101855439
"송지효",6,3,4,18891.9879365724,16815.4600598872,156.581320509088,4722.99698414309,4203.86501497181,39.145330127272,9445.99396828618
"송지효",6,4,0,0,0,0,0,0,0,0
"송하윤",3,1,1,809.628252788104,783.41726618705,20.0395656974604,809.628252788104,783.41726618705,20.0395656974604,809.628252788104
"송하윤",3,2,0,0,0,0,0,0,0,0
"송하윤",3,3,1,2596.42159763314,2596.42159763314,30.0760992494602,2596.42159763314,2596.42159763314,30.0760992494602,2596.42159763314
"송하윤",3,4,1,4897.45975948196,3995.5879245283,37.0026489603355,4897.45975948196,3995.5879245283,37.0026489603355,4897.45975948196
"수애",9,1,3,17928.8812348579,15912.8529151943,107.446951288894,5976.29374495262,5304.28430506478,35.8156504296313,10351.244407214
"수애",9,2,3,8489.4413992161,7908.4047340902,87.4369391256843,2829.8137997387,2636.1349113634,29.1456463752281,4901.38127710697
"수애",9,3,3,9088.10656237269,8174.46402642119,121.707560988621,3029.36885412423,2724.8213421404,40.5691869962071,5247.02077020988
"수애",9,4,0,0,0,0,0,0,0,0
"신세경",6,1,1,3387.69512195122,3069.5138121547,38.6787802840434,3387.69512195122,3069.5138121547,38.6787802840434,3387.69512195122
"신세경",6,2,3,3795.48722507871,3443.88759240451,73.0623354193751,1265.16240835957,1147.9625308015,24.3541118064584,2191.32557110498
"신세경",6,3,2,7479.16609609082,6741.5933355569,86.3826288589178,3739.58304804541,3370.79666777845,43.1913144294589,5288.56906416634
"신세경",6,4,0,0,0,0,0,0,0,0
"신정근",31,1,7,77585.3047962237,58095.8861316036,316.01591434518,11083.6149708891,8299.4123045148,45.14513062074,29324.488840565
"신정근",31,2,14,51213.5050880708,43137.5377306176,427.791293627736,3658.10750629077,3081.25269504411,30.5565209734097,13687.3849725261
"신정근",31,3,9,43935.0377896662,38352.6465473431,370.690662461173,4881.67086551846,4261.40517192702,41.1878513845748,14645.0125965554
"신정근",31,4,1,7426.98292422625,5189.47278150634,59.2459028954291,7426.98292422625,5189.47278150634,59.2459028954291,7426.98292422625
"신하균",17,1,3,15292.3174725486,13348.9166609703,121.263859235277,5097.43915751621,4449.63888699012,40.4212864117591,8829.02360930918
"신하균",17,2,6,38432.9969947307,34030.7703605674,259.360562707156,6405.49949912178,5671.79506009456,43.2267604511926,15690.2053205016
"신하균",17,3,7,18841.5956008457,17186.7728019903,231.02403771326,2691.65651440653,2455.25325742719,33.0034339590371,7121.45375192663
"신하균",17,4,1,10473.6754668384,8120.62805791313,55.592985262352,10473.6754668384,8120.62805791313,55.592985262352,10473.6754668384
"신현준",9,1,4,15681.1638942979,14210.1329761649,143.10150956634,3920.29097357448,3552.53324404123,35.775377391585,7840.58194714897
"신현준",9,2,5,33910.527507664,27745.2360128546,235.589260602225,6782.10550153279,5549.04720257092,47.1178521204451,15165.2489320026
"신현준",9,3,0,0,0,0,0,0,0,0
"신현준",9,4,0,0,0,0,0,0,0,0
"심은경",16,1,5,6077.6015297217,5497.32160285603,96.6203555460442,1215.52030594434,1099.46432057121,19.3240711092088,2717.98603212288
"심은경",16,2,4,22309.0686083093,16629.6888365209,101.59712627611,5577.26715207734,4157.42220913024,25.3992815690276,11154.5343041547
"심은경",16,3,5,38541.6167133209,25380.809548477,208.457124455572,7708.32334266417,5076.16190969541,41.6914248911144,17236.3349867455
"심은경",16,4,2,2081.70558550944,2081.70558550944,51.0835371654318,1040.85279275472,1040.85279275472,25.5417685827159,1471.98813594763
"안성기",15,1,5,32262.305398233,24228.1374902508,179.276956328668,6452.46107964659,4845.62749805016,35.8553912657337,14428.1415962615
"안성기",15,2,2,4973.19418990704,4293.34785210799,62.8510912988006,2486.59709495352,2146.673926054,31.4255456494003,3516.57933584081
"안성기",15,3,6,44818.6568672258,39253.6945636866,318.272753406152,7469.77614453764,6542.28242728109,53.0454589010253,18297.1400469314
"안성기",15,4,2,4206.09403077102,3908.44705397682,81.1533411917872,2103.04701538551,1954.22352698841,40.5766705958936,2974.15761146645
"안세하",8,1,1,282.022038567493,229.024608501119,12.9570940387293,282.022038567493,229.024608501119,12.9570940387293,282.022038567493
"안세하",8,2,3,1908.80989064904,1842.33585331769,57.4543457807367,636.269963549679,614.111951105897,19.1514485935789,1102.05190419804
"안세하",8,3,3,6482.45812807882,6173.08018615498,82.2389350622051,2160.81937602627,2057.69339538499,27.4129783540684,3742.64894525678
"안세하",8,4,1,3362.62845188285,3058.09817351598,34.2222383089619,3362.62845188285,3058.09817351598,34.2222383089619,3362.62845188285
"알리슨 필",1,1,0,0,0,0,0,0,0,0
"알리슨 필",1,2,0,0,0,0,0,0,0,0
"알리슨 필",1,3,0,0,0,0,0,0,0,0
"알리슨 필",1,4,1,9989.66132478632,8289.29343971631,74.887656377645,9989.66132478632,8289.29343971631,74.887656377645,9989.66132478632
"엄정화",15,1,4,12971.931693706,11533.3058912605,129.241223087836,3242.9829234265,2883.32647281512,32.3103057719589,6485.965846853
"엄정화",15,2,9,37533.3820612081,32563.3015157589,321.970017501358,4170.37578457868,3618.1446128621,35.7744463890397,12511.127353736
"엄정화",15,3,2,22410.6917070773,16144.9183808613,98.9179728286832,11205.3458535386,8072.45919043063,49.4589864143416,15846.7520771555
"엄정화",15,4,0,0,0,0,0,0,0,0
"엄지원",15,1,3,9403.34705882353,8624.01201873462,103.254425333976,3134.44901960784,2874.67067291154,34.418141777992,5429.02495569524
"엄지원",15,2,7,21834.21740475,17639.9730248385,214.519502600648,3119.17391496429,2519.99614640549,30.645643228664,8252.55847495524
"엄지원",15,3,4,18058.0582688154,15745.3035726633,167.052131922918,4514.51456720384,3936.32589316582,41.7630329807296,9029.02913440768
"엄지원",15,4,1,4938.25,4763.88141239174,56.3362090020248,4938.25,4763.88141239174,56.3362090020248,4938.25
"엄태웅",9,1,2,6130.60986980999,5062.60542131351,66.2484908978075,3065.304934905,2531.30271065675,33.1242454489037,4334.99581175182
"엄태웅",9,2,6,28286.0084088019,25123.7024390891,200.903266998411,4714.33473480031,4187.28373984818,33.4838778330684,11547.7145769398
"엄태웅",9,3,1,7488.59198542805,6932.94603709949,38.7600241352327,7488.59198542805,6932.94603709949,38.7600241352327,7488.59198542805
"엄태웅",9,4,0,0,0,0,0,0,0,0
"에드 해리스",1,1,0,0,0,0,0,0,0,0
"에드 해리스",1,2,0,0,0,0,0,0,0,0
"에드 해리스",1,3,0,0,0,0,0,0,0,0
"에드 해리스",1,4,1,9989.66132478632,8289.29343971631,74.887656377645,9989.66132478632,8289.29343971631,74.887656377645,9989.66132478632
"염정아",13,1,3,8197.35361852234,7410.27253031942,90.841564861094,2732.45120617411,2470.09084343981,30.2805216203647,4732.74431829643
"염정아",13,2,3,8208.69437904855,7623.8846130967,86.0484533365659,2736.23145968285,2541.29487103223,28.6828177788553,4739.29190943905
"염정아",13,3,4,16388.9704238279,15521.161517798,156.734445129861,4097.24260595697,3880.29037944951,39.1836112824652,8194.48521191393
"염정아",13,4,3,7986.49865200935,7084.62681705569,118.799471503307,2662.16621733645,2361.5422723519,39.5998238344356,4611.00714662018
"오달수",44,1,9,36778.1563417363,29910.3543742496,251.064274640286,4086.46181574848,3323.37270824995,27.8960305155873,12259.3854472454
"오달수",44,2,12,44877.5892610478,40908.7396407504,427.879094780679,3739.79910508732,3409.0616367292,35.6565912317232,12955.0441202237
"오달수",44,3,16,133719.618170103,105137.811910942,824.9501434382,8357.47613563146,6571.11324443386,51.5593839648875,33429.9045425258
"오달수",44,4,7,70428.7920441501,60214.9115163052,446.967144180947,10061.2560063072,8602.13021661503,63.8524491687067,26619.5812696437
"오지호",4,1,0,0,0,0,0,0,0,0
"오지호",4,2,2,641.539093484419,627.23397039844,23.1663553369044,320.76954674221,313.61698519922,11.5831776684522,453.636643399103
"오지호",4,3,1,9665.23031496063,7074.83717579251,62.4745454314107,9665.23031496063,7074.83717579251,62.4745454314107,9665.23031496063
"오지호",4,4,1,3059.3587994543,2761.7118226601,47.3642968783002,3059.3587994543,2761.7118226601,47.3642968783002,3059.3587994543
"옥타비아 스펜서",1,1,0,0,0,0,0,0,0,0
"옥타비아 스펜서",1,2,0,0,0,0,0,0,0,0
"옥타비아 스펜서",1,3,0,0,0,0,0,0,0,0
"옥타비아 스펜서",1,4,1,9989.66132478632,8289.29343971631,74.887656377645,9989.66132478632,8289.29343971631,74.887656377645,9989.66132478632
"왕석현",2,1,0,0,0,0,0,0,0,0
"왕석현",2,2,2,26577.9200534485,22750.1890051323,95.9135515214789,13288.9600267242,11375.0945025661,47.9567757607394,18793.4274996273
"왕석현",2,3,0,0,0,0,0,0,0,0
"왕석현",2,4,0,0,0,0,0,0,0,0
"원빈",4,1,2,44328.05465801,30559.7301050896,174.477933470143,22164.027329005,15279.8650525448,87.2389667350714,31344.6680454868
"원빈",4,2,1,15032.7299270073,12332.2395209581,56.2316450511945,15032.7299270073,12332.2395209581,56.2316450511945,15032.7299270073
"원빈",4,3,1,5263.69964664311,4640.58255451713,41.7221560911395,5263.69964664311,4640.58255451713,41.7221560911395,5263.69964664311
"원빈",4,4,0,0,0,0,0,0,0,0
"유다인",10,1,4,11840.5830874126,10261.627938319,99.8386788444247,2960.14577185316,2565.40698457974,24.9596697111062,5920.29154370632
"유다인",10,2,4,6919.62859338154,6587.30464497081,88.7366495947072,1729.90714834538,1646.8261612427,22.1841623986768,3459.81429669077
"유다인",10,3,1,5236.54923413567,4584.48850574713,40.9665673788003,5236.54923413567,4584.48850574713,40.9665673788003,5236.54923413567
"유다인",10,4,1,5125.72952853598,5119.37794299876,59.767056304612,5125.72952853598,5119.37794299876,59.767056304612,5125.72952853598
"유선",13,1,3,5272.07631131617,4895.01052188822,83.95495357412,1757.35877043872,1631.67017396274,27.9849845247067,3043.83467752664
"유선",13,2,6,8908.22747429146,8016.77569145067,129.917816587221,1484.70457904858,1336.12928190844,21.6529694312035,3636.7686374427
"유선",13,3,2,8227.27211627235,7647.65632119723,99.7739355039224,4113.63605813618,3823.82816059861,49.8869677519612,5817.55990408318
"유선",13,4,2,9544.01429829132,8818.03009520878,80.6256461884167,4772.00714914566,4409.01504760439,40.3128230942084,6748.63723006316
"유아인",11,1,2,2019.49491812535,1867.5082665175,28.6602719302626,1009.74745906268,933.754133258748,14.3301359651313,1427.99855117821
"유아인",11,2,2,6540.13009806387,5535.41747922571,56.1867333946657,3270.06504903193,2767.70873961285,28.0933666973329,4624.5703421832
"유아인",11,3,4,15306.2256280476,12201.0261040386,124.325584950208,3826.55640701191,3050.25652600966,31.081396237552,7653.11281402382
"유아인",11,4,3,22762.6867168681,20376.4214270818,154.7566877919,7587.56223895603,6792.14047569394,51.5855625973001,13142.0433034629
"유준상",8,1,3,8391.61998250756,7795.88309633273,115.638038537116,2797.20666083585,2598.62769877758,38.5460128457055,4844.90405583778
"유준상",8,2,0,0,0,0,0,0,0,0
"유준상",8,3,5,16229.2706305927,14409.6146566572,189.349966682569,3245.85412611853,2881.92293133144,37.8699933365137,7257.95047104921
"유준상",8,4,0,0,0,0,0,0,0,0
"유지태",12,1,3,7526.87177824607,6543.25309781853,89.3300351632949,2508.95725941536,2181.08436593951,29.776678387765,4345.64144732616
"유지태",12,2,5,10094.9553154303,9082.89012871589,128.598085398362,2018.99106308607,1816.57802574318,25.7196170796724,4514.60126302501
"유지태",12,3,1,2708.38636363636,2613.35526315789,30.5029691819392,2708.38636363636,2613.35526315789,30.5029691819392,2708.38636363636
"유지태",12,4,3,8384.1100581884,7469.49097551408,92.9882624132137,2794.70335272947,2489.83032517136,30.9960874710712,4840.56819901052
"유해진",37,1,8,86409.1260839294,63102.7714238314,336.487017756104,10801.1407604912,7887.84642797892,42.060877219513,30550.2395051749
"유해진",37,2,11,59451.2133917502,48425.695277141,423.007663920106,5404.65576288638,4402.33593428554,38.4552421745551,17925.2152865262
"유해진",37,3,13,72675.403525477,60489.6569090371,603.718534793353,5590.41565580592,4653.05053146439,46.4398872917964,20156.5302981649
"유해진",37,4,5,36351.2812268925,31232.9187625877,267.559397532488,7270.25624537849,6246.58375251754,53.5118795064976,16256.7871785087
"유호정",3,1,0,0,0,0,0,0,0,0
"유호정",3,2,3,21305.1383952768,15991.1617306953,96.6969110486169,7101.7127984256,5330.3872435651,32.2323036828723,12300.5273876353
"유호정",3,3,0,0,0,0,0,0,0,0
"유호정",3,4,0,0,0,0,0,0,0,0
"윤경호",24,1,2,956.547751619941,904.598233136183,24.0261555403308,478.27387580997,452.299116568092,12.0130777701654,676.381401699206
"윤경호",24,2,6,12935.6391799237,9768.69826159392,177.800424573921,2155.93986332061,1628.11637693232,29.6334040956535,5280.95258126121
"윤경호",24,3,9,30460.7479209386,25197.4635297459,273.532275931182,3384.52754677095,2799.71816997176,30.3924751034647,10153.5826403129
"윤경호",24,4,7,33212.4862549206,27108.7859411856,378.683624845517,4744.64089356008,3872.68370588365,54.0976606922167,12553.1398646673
"윤계상",10,1,2,4121.53296703297,3550.41275591878,61.6703960602779,2060.76648351648,1775.20637795939,30.8351980301389,2914.36390987292
"윤계상",10,2,5,18009.3930962758,11172.2640884907,145.554774025713,3601.87861925515,2234.45281769814,29.1109548051425,8054.04543935761
"윤계상",10,3,3,5616.49029858574,5182.52722813674,93.0838956496493,1872.16343286191,1727.50907604558,31.0279652165498,3242.6821857894
"윤계상",10,4,0,0,0,0,0,0,0,0
"윤여정",12,1,1,6746.97727272727,6361.43571428571,54.0708518001336,6746.97727272727,6361.43571428571,54.0708518001336,6746.97727272727
"윤여정",12,2,5,11263.0409028142,9724.49912784103,132.950615785746,2252.60818056285,1944.89982556821,26.5901231571492,5036.98501841065
"윤여정",12,3,6,17919.2252146269,15742.3681282386,188.396072582237,2986.53753577115,2623.72802137311,31.3993454303728,7315.49306030838
"윤여정",12,4,0,0,0,0,0,0,0,0
"이경영",40,1,4,4098.33586055929,3439.09315243372,70.21671833098,1024.58396513982,859.773288108431,17.554179582745,2049.16793027965
"이경영",40,2,8,10928.6247947493,8905.60617558007,179.995816212187,1366.07809934366,1113.20077194751,22.4994770265234,3863.85235070534
"이경영",40,3,19,84718.8223938956,73598.4323141132,756.884282985443,4458.8853891524,3873.6017007428,39.8360148939707,19435.8308121453
"이경영",40,4,9,46090.5135409542,39642.9774055317,497.847956056415,5121.16817121713,4404.7752672813,55.3164395618239,15363.5045136514
"이광수",10,1,0,0,0,0,0,0,0,0
"이광수",10,2,7,12520.5393346961,10560.3017646763,167.516123066457,1788.64847638516,1508.6145378109,23.9308747237796,4732.31905142973
"이광수",10,3,2,5260.89624449639,4352.22121868164,58.8244364334968,2630.44812224819,2176.11060934082,29.4122182167484,3720.01540960224
"이광수",10,4,1,1657.42676579926,1559.99930020994,33.5329803396561,1657.42676579926,1559.99930020994,33.5329803396561,1657.42676579926
"이다희",5,1,2,1245.39705882353,1085.89641853933,27.539064045967,622.698529411765,542.948209269663,13.7695320229835,880.628705563899
"이다희",5,2,3,10912.1163190987,9913.68751197,82.3598149903561,3637.37210636622,3304.56250399,27.453271663452,6300.11329426013
"이다희",5,3,0,0,0,0,0,0,0,0
"이다희",5,4,0,0,0,0,0,0,0,0
"이문수",1,1,0,0,0,0,0,0,0,0
"이문수",1,2,1,6942.02298850575,6397.83898305085,52.4467678627253,6942.02298850575,6397.83898305085,52.4467678627253,6942.02298850575
"이문수",1,3,0,0,0,0,0,0,0,0
"이문수",1,4,0,0,0,0,0,0,0,0
"이미연",4,1,1,1499.46192893401,1386.82629107981,16.9825227089801,1499.46192893401,1386.82629107981,16.9825227089801,1499.46192893401
"이미연",4,2,0,0,0,0,0,0,0,0
"이미연",4,3,3,12107.3036744169,10570.8111586636,131.785086396919,4035.7678914723,3523.60371955454,43.9283621323063,6990.15503558513
"이미연",4,4,0,0,0,0,0,0,0,0
"이민기",11,1,2,2608.18363761842,2441.2380952381,52.8482361388816,1304.09181880921,1220.61904761905,26.4241180694408,1844.26433673978
"이민기",11,2,5,16957.6828677152,13382.7484875242,152.740132194333,3391.53657354303,2676.54969750485,30.5480264388666,7583.70632661893
"이민기",11,3,3,31494.2876571897,24192.2842214265,157.09555314813,10498.0958857299,8064.09474047549,52.3651843827099,18183.235456814
"이민기",11,4,1,2143.97894736842,1956.87429943955,32.6089149200165,2143.97894736842,1956.87429943955,32.6089149200165,2143.97894736842
"이범수",19,1,9,35960.0295114936,31797.7855605994,283.429053273877,3995.5588346104,3533.08728451104,31.4921170304308,11986.6765038312
"이범수",19,2,7,20068.3616102985,18322.5981818456,228.809442756446,2866.90880147122,2617.51402597795,32.6870632509208,7585.1277201951
"이범수",19,3,3,16447.9520790528,14389.1615392225,157.491506596408,5482.65069301759,4796.38717974083,52.4971688654694,9496.22956045919
"이범수",19,4,0,0,0,0,0,0,0,0
"이병헌",15,1,2,7582.26866050574,7196.67109701253,93.0471321071729,3791.13433025287,3598.33554850626,46.5235660535864,5361.47358662185
"이병헌",15,2,2,4946.99468278622,4808.85039308176,57.2646706789172,2473.49734139311,2404.42519654088,28.6323353394586,3498.05348669193
"이병헌",15,3,6,39772.4740212254,30952.6949632944,281.325610682105,6628.74567020423,5158.78249388241,46.8876017803508,16237.0445266837
"이병헌",15,4,5,25493.4190417334,22545.9507851169,274.05323807762,5098.68380834669,4509.19015702338,54.8106476155239,11401.0035912407
"이서진",4,1,1,1283.12820512821,1283.12820512821,32.1629650789117,1283.12820512821,1283.12820512821,32.1629650789117,1283.12820512821
"이서진",4,2,1,2112.69105691057,1968.64393939394,28.6458689301659,2112.69105691057,1968.64393939394,28.6458689301659,2112.69105691057
"이서진",4,3,1,3279.01733102253,2668.53737658674,40.0531998221733,3279.01733102253,2668.53737658674,40.0531998221733,3279.01733102253
"이서진",4,4,1,4897.45975948196,3995.5879245283,37.0026489603355,4897.45975948196,3995.5879245283,37.0026489603355,4897.45975948196
"이선균",16,1,5,15883.3113338587,15471.634471243,154.530055968852,3176.66226677173,3094.32689424861,30.9060111937703,7103.23277006017
"이선균",16,2,3,13144.2080730281,11180.4593819832,108.8242777589,4381.40269100937,3726.81979399439,36.2747592529666,7588.81206924722
"이선균",16,3,7,20555.7355333957,19171.4190320443,210.559570285233,2936.53364762795,2738.7741474349,30.0799386121761,7769.33774819694
"이선균",16,4,1,5656.35165451486,5177.24589322382,52.2945995696249,5656.35165451486,5177.24589322382,52.2945995696249,5656.35165451486
"이성민",23,1,1,1104.03370786517,918.308411214953,34.9303234980448,1104.03370786517,918.308411214953,34.9303234980448,1104.03370786517
"이성민",23,2,6,10970.6332660441,9227.56340337668,153.501995323684,1828.43887767401,1537.92723389611,25.5836658872807,4478.74227616848
"이성민",23,3,12,43510.9153139199,31556.0007678054,400.725818134321,3625.90960949332,2629.66673065045,33.3938181778601,12560.5193345893
"이성민",23,4,4,14384.399165937,11642.0382423652,213.941084631842,3596.09979148426,2910.50956059131,53.4852711579605,7192.19958296851
"이승현",9,1,2,2654.31900705895,2563.51630335226,49.2115197094167,1327.15950352947,1281.75815167613,24.6057598547084,1876.88696932372
"이승현",9,2,4,10992.0004753515,7279.42236598551,107.237798012704,2748.00011883787,1819.85559149638,26.809449503176,5496.00023767573
"이승현",9,3,3,8871.46414778261,7575.49818851364,103.746086204483,2957.15471592754,2525.16606283788,34.5820287348277,5121.9422138284
"이승현",9,4,0,0,0,0,0,0,0,0
"이시영",11,1,0,0,0,0,0,0,0,0
"이시영",11,2,6,6354.09473363308,5992.9408955765,128.565019560097,1059.01578893885,998.823482596084,21.4275032600162,2594.04831245114
"이시영",11,3,4,13850.9288109128,12361.08944219,136.209366930833,3462.7322027282,3090.2723605475,34.0523417327082,6925.46440545641
"이시영",11,4,1,2716.51107828656,2475.20592193809,25.2896776012266,2716.51107828656,2475.20592193809,25.2896776012266,2716.51107828656
"이연경",3,1,0,0,0,0,0,0,0,0
"이연경",3,2,1,18782.625,13484.9615384615,49.3673119087051,18782.625,13484.9615384615,49.3673119087051,18782.625
"이연경",3,3,0,0,0,0,0,0,0,0
"이연경",3,4,2,13542.528702004,9822.46200709556,112.034082314144,6771.26435100202,4911.23100354778,56.0170411570722,9576.0138796005
"이연희",6,1,2,7796.14437467295,6715.73301282051,82.9195574561377,3898.07218733647,3357.86650641026,41.4597787280689,5512.7065544406
"이연희",6,2,2,4282.95470671712,3979.31690796042,57.8310640520689,2141.47735335856,1989.65845398021,28.9155320260344,3028.50631663452
"이연희",6,3,2,7595.9527027027,7011.74655331945,79.3733697575429,3797.97635135135,3505.87327665973,39.6866848787714,5371.14966565336
"이연희",6,4,0,0,0,0,0,0,0,0
"이영애",2,1,0,0,0,0,0,0,0,0
"이영애",2,2,1,9368.41441441441,8082.07772020725,75.2855350161687,9368.41441441441,8082.07772020725,75.2855350161687,9368.41441441441
"이영애",2,3,1,737.236571428571,737.236571428571,21.8857336726039,737.236571428571,737.236571428571,21.8857336726039,737.236571428571
"이영애",2,4,0,0,0,0,0,0,0,0
"이완 브렘너",1,1,0,0,0,0,0,0,0,0
"이완 브렘너",1,2,0,0,0,0,0,0,0,0
"이완 브렘너",1,3,0,0,0,0,0,0,0,0
"이완 브렘너",1,4,1,9989.66132478632,8289.29343971631,74.887656377645,9989.66132478632,8289.29343971631,74.887656377645,9989.66132478632
"이요원",6,1,2,546.434285417262,532.408513058963,18.5050660014428,273.217142708631,266.204256529482,9.25253300072142,386.387388691372
"이요원",6,2,1,8842,7336.29710144928,56.6081802678297,8842,7336.29710144928,56.6081802678297,8842
"이요원",6,3,3,20804.3549431127,17657.8434002068,137.414070205855,6934.78498103755,5885.94780006892,45.8046900686183,12011.3999267226
"이요원",6,4,0,0,0,0,0,0,0,0
"이은성",4,1,2,5118.10527814695,4656.26986494975,66.0587163957541,2559.05263907348,2328.13493247487,33.029358197877,3619.04694900437
"이은성",4,2,1,5563.37969924812,4378.28106508876,46.4240361389089,5563.37969924812,4378.28106508876,46.4240361389089,5563.37969924812
"이은성",4,3,1,15879.8043478261,14096.8087719298,61.0246827319607,15879.8043478261,14096.8087719298,61.0246827319607,15879.8043478261
"이은성",4,4,0,0,0,0,0,0,0,0
"이재응",5,1,3,18282.9498498499,15324.0139368939,140.300060173625,6094.31661661662,5108.00464563129,46.7666867245416,10555.6660173912
"이재응",5,2,0,0,0,0,0,0,0,0
"이재응",5,3,2,37160.8862191711,30970.3713685295,157.557580435621,18580.4431095856,15485.1856842648,78.7787902178103,26276.7146404776
"이재응",5,4,0,0,0,0,0,0,0,0
"이정재",14,1,1,334.197530864198,221.885245901639,17.7858081471748,334.197530864198,221.885245901639,17.7858081471748,334.197530864198
"이정재",14,2,1,921.571884984026,848.388235294118,15.1529733137214,921.571884984026,848.388235294118,15.1529733137214,921.571884984026
"이정재",14,3,6,31713.5559928446,27914.8524971084,295.354346473492,5285.5926654741,4652.47541618473,49.2257244122487,12947.0050186088
"이정재",14,4,6,52171.5915140586,42706.3527829658,395.557164622488,8695.2652523431,7117.72546382763,65.926194103748,21298.9630463934
"이정현",19,1,0,0,0,0,0,0,0,0
"이정현",19,2,6,9385.75739365077,8714.35677712081,127.246482417984,1564.29289894179,1452.3927961868,21.2077470696639,3831.71941066649
"이정현",19,3,8,9162.75318752521,8385.35520986382,188.148041022468,1145.34414844065,1048.16940123298,23.5185051278085,3239.52245661887
"이정현",19,4,5,24820.510719798,20247.54859746,258.760651711156,4964.10214395961,4049.50971949201,51.7521303422312,11100.0698411461
"이제훈",11,1,1,829.477941176471,747.079470198675,18.9451675203628,829.477941176471,747.079470198675,18.9451675203628,829.477941176471
"이제훈",11,2,2,5027.64109064569,4619.07672111591,65.0807319602471,2513.82054532285,2309.53836055795,32.5403659801235,3555.0791085677
"이제훈",11,3,6,27276.6124388139,24987.7472810897,234.662874093758,4546.10207313565,4164.62454684829,39.1104790156263,11135.6303977911
"이제훈",11,4,2,6522.55963516433,6132.40803105445,95.8816069287019,3261.27981758216,3066.20401552722,47.940803464351,4612.14614871835
"이종석",10,1,1,5437,4706.33596837945,44.6692301920768,5437,4706.33596837945,44.6692301920768,5437
"이종석",10,2,1,3629.52903225806,3483.44891640867,33.4449200404257,3629.52903225806,3483.44891640867,33.4449200404257,3629.52903225806
"이종석",10,3,6,14858.7006797251,13849.130998091,200.661758331935,2476.45011328752,2308.18849968183,33.4436263886558,6066.03915101202
"이종석",10,4,2,25173.7958500041,21028.1004572982,140.086641539769,12586.8979250021,10514.0502286491,70.0433207698844,17800.5617537437
"이준",6,1,1,398.679715302491,377.20202020202,12.0890255746196,398.679715302491,377.20202020202,12.0890255746196,398.679715302491
"이준",6,2,3,2151.63516762902,1778.10439613409,55.7804456862392,717.211722543008,592.70146537803,18.5934818954131,1242.24714322848
"이준",6,3,2,8430.18545498908,6216.76484651856,61.2823912205268,4215.09272749454,3108.38242325928,30.6411956102634,5961.04130188298
"이준",6,4,0,0,0,0,0,0,0,0
"이준기",5,1,3,53871.9188726732,36603.6672957879,153.446235084904,17957.3062908911,12201.2224319293,51.1487450283014,31102.9668628996
"이준기",5,2,0,0,0,0,0,0,0,0
"이준기",5,3,2,34053.0940749106,24738.7310717614,145.717877887938,17026.5470374553,12369.3655358807,72.8589389439692,24079.1737407527
"이준기",5,4,0,0,0,0,0,0,0,0
"이진욱",5,1,0,0,0,0,0,0,0,0
"이진욱",5,2,0,0,0,0,0,0,0,0
"이진욱",5,3,5,25864.2617140085,18102.6407827761,181.362455096297,5172.8523428017,3620.52815655523,36.2724910192594,11566.8494760737
"이진욱",5,4,0,0,0,0,0,0,0,0
"이하늬",11,1,2,1343.66258908627,1007.30608875129,43.7505706905687,671.831294543134,503.653044375645,21.8752853452844,950.112928369573
"이하늬",11,2,1,807.348039215686,779.332807570978,21.2716118477699,807.348039215686,779.332807570978,21.2716118477699,807.348039215686
"이하늬",11,3,7,24298.5985470224,19242.3384476796,266.958101363256,3471.22836386034,2748.90549252566,38.1368716233223,9184.00699468809
"이하늬",11,4,1,10473.6754668384,8120.62805791313,55.592985262352,10473.6754668384,8120.62805791313,55.592985262352,10473.6754668384
"이현우",17,1,2,14664.7989028945,13896.9558301427,111.436733744607,7332.39945144725,6948.47791507135,55.7183668723035,10369.5787489737
"이현우",17,2,3,8444.64316889663,7845.67101458707,89.7089198321714,2814.88105629888,2615.22367152903,29.9029732773905,4875.51700677281
"이현우",17,3,10,35586.2919346638,30128.6345929125,364.368628675348,3558.62919346638,3012.86345929125,36.4368628675348,11253.3735993218
"이현우",17,4,2,12552.7124527622,10308.8507245051,119.012959200041,6276.35622638112,5154.42536225255,59.5064796000206,8876.108097633
"이희준",19,1,0,0,0,0,0,0,0,0
"이희준",19,2,8,22984.0084101742,20315.5003332389,227.488047746873,2873.00105127178,2539.43754165486,28.4360059683591,8126.07410284142
"이희준",19,3,9,30432.7933243381,27487.3281856689,344.452456550739,3381.42148048201,3054.14757618543,38.2724951723043,10144.264441446
"이희준",19,4,2,7054.16141603221,7004.87870866802,93.3339795763783,3527.0807080161,3502.43935433401,46.6669897881892,4988.04537286087
"임성철",1,1,0,0,0,0,0,0,0,0
"임성철",1,2,1,6992.55750487329,4094.95662100457,39.7304403685983,6992.55750487329,4094.95662100457,39.7304403685983,6992.55750487329
"임성철",1,3,0,0,0,0,0,0,0,0
"임성철",1,4,0,0,0,0,0,0,0,0
"임수정",10,1,2,6433.09292035398,6383.97368421053,65.1897208319816,3216.54646017699,3191.98684210526,32.5948604159908,4548.88362798547
"임수정",10,2,5,13348.4510013066,12319.4190822307,155.062152115572,2669.69020026132,2463.88381644613,31.0124304231144,5969.60876664933
"임수정",10,3,3,21245.6682078312,19719.8060796141,131.199768795977,7081.88940261041,6573.26869320471,43.7332562653255,12266.1922589048
"임수정",10,4,0,0,0,0,0,0,0,0
"임지연",5,1,1,2570.64634146341,2451.08139534884,29.1110343875155,2570.64634146341,2451.08139534884,29.1110343875155,2570.64634146341
"임지연",5,2,0,0,0,0,0,0,0,0
"임지연",5,3,3,11997.2527063394,9360.07528406246,104.800492696206,3999.08423544647,3120.02509468749,34.9334975654021,6926.61707954103
"임지연",5,4,1,1657.42676579926,1559.99930020994,33.5329803396561,1657.42676579926,1559.99930020994,33.5329803396561,1657.42676579926
"장기용",1,1,0,0,0,0,0,0,0,0
"장기용",1,2,0,0,0,0,0,0,0,0
"장기용",1,3,0,0,0,0,0,0,0,0
"장기용",1,4,1,4015.71729587357,3027.06949040371,40.1437799504994,4015.71729587357,3027.06949040371,40.1437799504994,4015.71729587357
"장동건",8,1,1,34391.7027027027,22130.3130434783,113.737307829818,34391.7027027027,22130.3130434783,113.737307829818,34391.7027027027
"장동건",8,2,1,1206.99,1187.98228346457,27.0358838813726,1206.99,1187.98228346457,27.0358838813726,1206.99
"장동건",8,3,5,19201.1740813331,16882.8409987562,200.015574265313,3840.23481626662,3376.56819975125,40.0031148530626,8587.02609873357
"장동건",8,4,1,1246.76383476228,1184.0103626943,26.3572970390021,1246.76383476228,1184.0103626943,26.3572970390021,1246.76383476228
"장영남",32,1,4,14639.3713826012,13349.4220355569,156.650078127529,3659.8428456503,3337.35550888923,39.1625195318821,7319.6856913006
"장영남",32,2,15,60883.4441788759,53189.4833752746,466.939339112815,4058.89627859173,3545.96555835164,31.1292892741877,15720.037690969
"장영남",32,3,12,49251.2107734137,37686.0071611296,436.790818380355,4104.26756445114,3140.5005967608,36.3992348650295,14217.5998989727
"장영남",32,4,1,15318.5617615467,13660.5181992337,67.061566602716,15318.5617615467,13660.5181992337,67.061566602716,15318.5617615467
"장혁",8,1,2,8645.49643770055,7632.65741793295,80.7231451980366,4322.74821885027,3816.32870896648,40.3615725990183,6113.2891578222
"장혁",8,2,3,2933.61629801891,2713.73051847079,60.1997939106107,977.872099339635,904.576839490263,20.0665979702036,1693.72415936029
"장혁",8,3,3,10500.4231718977,9070.08816490569,116.843590162402,3500.14105729923,3023.36272163523,38.9478633874673,6062.42214490012
"장혁",8,4,0,0,0,0,0,0,0,0
"전미선",8,1,3,6143.14913551628,5642.83008996537,62.8505409234986,2047.71637850543,1880.94336332179,20.9501803078329,3546.74880706234
"전미선",8,2,2,4745.40899562546,4675.56446819338,57.2654256624233,2372.70449781273,2337.78223409669,28.6327128312117,3355.51088031041
"전미선",8,3,2,14259.0543817956,11834.5568805762,105.358897551895,7129.5271908978,5917.27844028809,52.6794487759477,10082.6740466754
"전미선",8,4,1,791.72171758877,791.72171758877,24.4548028363006,791.72171758877,791.72171758877,24.4548028363006,791.72171758877
"전지현",6,1,1,8016.45679012346,7019.81621621622,67.3267665508839,8016.45679012346,7019.81621621622,67.3267665508839,8016.45679012346
"전지현",6,2,2,4774.70989795405,4473.83364236574,63.2771865686664,2387.35494897703,2236.91682118287,31.6385932843332,3376.22974704184
"전지현",6,3,1,9542.54727030626,8016.16666666667,64.129907202749,9542.54727030626,8016.16666666667,64.129907202749,9542.54727030626
"전지현",6,4,2,24640.6085460816,20265.4257335588,156.072610320538,12320.3042730408,10132.7128667794,78.0363051602692,17423.5413954975
"전혜진",12,1,2,6234.22598870056,5494.65440413364,62.2091929018344,3117.11299435028,2747.32720206682,31.1045964509172,4408.26347205958
"전혜진",12,2,1,8349.15449438202,5968.4718875502,61.0666899513077,8349.15449438202,5968.4718875502,61.0666899513077,8349.15449438202
"전혜진",12,3,6,14313.6576239346,12360.8756283838,181.632429381961,2385.6096039891,2060.14593806396,30.2720715636601,5843.52625525635
"전혜진",12,4,3,10178.2275938524,9776.59749295779,151.929645808946,3392.74253128414,3258.86583098593,50.6432152696487,5876.40244118397
"정경호",21,1,13,36353.3393656842,34229.1015154186,336.1475056484,2796.41072043724,2633.00780887835,25.8575004344923,10082.6022397937
"정경호",21,2,6,28467.0706100055,24195.1472647101,215.315570449655,4744.51176833425,4032.52454411835,35.8859284082758,11621.6329110488
"정경호",21,3,2,5806.02937734082,5649.78142184183,83.2041262403132,2903.01468867041,2824.89071092091,41.6020631201566,4105.482744486
"정경호",21,4,0,0,0,0,0,0,0,0
"정무성",2,1,0,0,0,0,0,0,0,0
"정무성",2,2,1,6992.55750487329,4094.95662100457,39.7304403685983,6992.55750487329,4094.95662100457,39.7304403685983,6992.55750487329
"정무성",2,3,0,0,0,0,0,0,0,0
"정무성",2,4,1,4015.71729587357,3027.06949040371,40.1437799504994,4015.71729587357,3027.06949040371,40.1437799504994,4015.71729587357
"정수영",4,1,1,5096.07006369427,4469.7374301676,45.7687203249242,5096.07006369427,4469.7374301676,45.7687203249242,5096.07006369427
"정수영",4,2,2,9217.02795048935,8600.88433659754,56.3453088779104,4608.51397524467,4300.44216829877,28.1726544389552,6517.42296617697
"정수영",4,3,1,3443.11466165414,3318.36413043478,46.6637030621083,3443.11466165414,3318.36413043478,46.6637030621083,3443.11466165414
"정수영",4,4,0,0,0,0,0,0,0,0
"정우",13,1,6,22356.4756678628,19366.3750134641,223.064215016376,3726.07927797714,3227.72916891068,37.177369169396,9126.99297220195
"정우",13,2,4,12370.1666073762,11244.9593377858,130.019088163758,3092.54165184404,2811.23983444645,32.5047720409394,6185.08330368808
"정우",13,3,2,5596.40534107159,4658.71936809377,68.5476719527345,2798.2026705358,2329.35968404688,34.2738359763673,3957.25616694034
"정우",13,4,1,7690.5460852329,7086.5397260274,54.3724275654276,7690.5460852329,7086.5397260274,54.3724275654276,7690.5460852329
"정우성",15,1,1,10030.9946808511,9154.5,63.8570702966274,10030.9946808511,9154.5,63.8570702966274,10030.9946808511
"정우성",15,2,5,12453.0103059495,11710.6720769701,160.505621499718,2490.60206118989,2342.13441539401,32.1011242999436,5569.15551372169
"정우성",15,3,5,26177.0819932371,21710.1836081376,222.695176257535,5235.41639864741,4342.03672162752,44.539035251507,11706.7469578928
"정우성",15,4,4,11148.288072792,10040.7871497889,178.143596230553,2787.072018198,2510.19678744723,44.5358990576382,5574.144036396
"정운택",2,1,1,222.826446280992,204.257575757576,7.04888888888889,222.826446280992,204.257575757576,7.04888888888889,222.826446280992
"정운택",2,2,1,4153.47425474255,4087.01866666667,43.7207816288689,4153.47425474255,4087.01866666667,43.7207816288689,4153.47425474255
"정운택",2,3,0,0,0,0,0,0,0,0
"정운택",2,4,0,0,0,0,0,0,0,0
"정웅인",11,1,2,7810.19848484848,7230.63886730553,62.6753820831991,3905.09924242424,3615.31943365277,31.3376910415996,5522.64431104926
"정웅인",11,2,3,25402.9799900749,20964.8012654157,186.002131128006,8467.65999669165,6988.26708847191,62.0007103760019,14666.4173354884
"정웅인",11,3,5,16209.6742966737,14529.3690404099,145.857052062862,3241.93485933474,2905.87380808198,29.1714104125724,7249.1867240987
"정웅인",11,4,1,14016.9278996865,12030.6726457399,67.3268419995985,14016.9278996865,12030.6726457399,67.3268419995985,14016.9278996865
"정유미",17,1,6,9048.54865502793,8278.24656274547,145.231917525199,1508.09144250466,1379.70776045758,24.2053195875332,3694.05451959424
"정유미",17,2,4,14197.1420247394,13129.5271505897,125.535084465669,3549.28550618486,3282.38178764743,31.3837711164172,7098.57101236972
"정유미",17,3,3,13855.9043578644,10491.6743605438,111.344490830322,4618.63478595479,3497.22478684794,37.114830276774,7999.7101108787
"정유미",17,4,4,18670.7091044947,16931.821398139,177.788558075432,4667.67727612367,4232.95534953476,44.4471395188579,9335.35455224734
"정재영",19,1,4,16304.4531226964,15069.0062431396,147.731263775607,4076.11328067411,3767.25156078489,36.9328159439017,8152.22656134821
"정재영",19,2,8,38374.3280386544,34234.9080515274,295.044902968621,4796.7910048318,4279.36350644092,36.8806128710776,13567.3737898048
"정재영",19,3,6,29269.5850742564,26268.3454871531,273.669042785728,4878.26417904273,4378.05758119218,45.6115071309547,11949.2580691518
"정재영",19,4,1,4064.99683210137,3652.32637571158,46.2136640295802,4064.99683210137,3652.32637571158,46.2136640295802,4064.99683210137
"정준호",10,1,4,54873.50767862,5595.81907861075,85.1891041482038,13718.376919655,1398.95476965269,21.297276037051,27436.75383931
"정준호",10,2,5,38372.5766971043,33486.7807952135,298.288991528309,7674.51533942085,6697.35615904269,59.6577983056618,17160.7379933099
"정준호",10,3,1,7825.16648168701,6721.13918017159,72.6613385274961,7825.16648168701,6721.13918017159,72.6613385274961,7825.16648168701
"정준호",10,4,0,0,0,0,0,0,0,0
"정진영",19,1,4,61105.0018972313,43137.9460572059,212.787666694692,15276.2504743078,10784.4865143015,53.1969166736731,30552.5009486156
"정진영",19,2,6,21477.7946027635,17823.3591169491,206.642155690981,3579.63243379391,2970.55985282486,34.4403592818301,8768.27292951218
"정진영",19,3,5,30242.1733422721,22970.4914407744,203.950802979741,6048.43466845442,4594.09828815488,40.7901605959482,13524.7110761305
"정진영",19,4,4,28079.433701065,25068.621061932,211.684588363484,7019.85842526624,6267.155265483,52.9211470908711,14039.7168505325
"정혜영",7,1,4,70461.6921757742,17518.9671321805,200.857918753616,17615.4230439436,4379.74178304512,50.2144796884039,35230.8460878871
"정혜영",7,2,3,21196.2535699573,17059.7001117901,144.071319147953,7065.41785665242,5686.56670393003,48.0237730493176,12237.6627044264
"정혜영",7,3,0,0,0,0,0,0,0,0
"정혜영",7,4,0,0,0,0,0,0,0,0
"제이미 벨",1,1,0,0,0,0,0,0,0,0
"제이미 벨",1,2,0,0,0,0,0,0,0,0
"제이미 벨",1,3,0,0,0,0,0,0,0,0
"제이미 벨",1,4,1,9989.66132478632,8289.29343971631,74.887656377645,9989.66132478632,8289.29343971631,74.887656377645,9989.66132478632
"조민수",5,1,2,7980.24512987013,7434.95384900074,80.3338762645777,3990.12256493506,3717.47692450037,40.1669381322889,5642.88544686209
"조민수",5,2,1,18782.625,13484.9615384615,49.3673119087051,18782.625,13484.9615384615,49.3673119087051,18782.625
"조민수",5,3,2,4946.32914359329,4177.41223242702,60.620246841687,2473.16457179665,2088.70611621351,30.3101234208435,3497.58287941547
"조민수",5,4,0,0,0,0,0,0,0,0
"조성하",17,1,8,20162.4717008576,19001.0988926008,229.134735573872,2520.3089626072,2375.1373615751,28.641841946734,7128.51023257914
"조성하",17,2,4,11252.1889626421,9924.3081622007,127.805721504903,2813.04724066052,2481.07704055017,31.9514303762258,5626.09448132104
"조성하",17,3,3,7968.76798570033,7476.04120059321,119.043793721282,2656.25599523344,2492.01373353107,39.6812645737608,4600.77034165376
"조성하",17,4,2,12816.2756137689,12205.9176690262,114.13948387004,6408.13780688444,6102.95883451308,57.0697419350198,9062.47539605176
"조승우",12,1,3,21037.7248531116,18813.9481792717,94.7016604125887,7012.57495103719,6271.31605975724,31.5672201375296,12146.1361070812
"조승우",12,2,5,28575.7614212565,22048.3233590475,187.054544622669,5715.1522842513,4409.66467180949,37.4109089245337,12779.4690093491
"조승우",12,3,1,3503.97983193277,2487.9093078759,44.1363338061266,3503.97983193277,2487.9093078759,44.1363338061266,3503.97983193277
"조승우",12,4,3,19803.0249692336,16498.2529125185,154.570648215849,6601.00832307788,5499.41763750617,51.523549405283,11433.2817967559
"조우진",20,1,4,5548.50596517566,5212.31069833208,84.1331078292949,1387.12649129391,1303.07767458302,21.0332769573237,2774.25298258783
"조우진",20,2,3,3644.51565016053,3379.17650684951,68.2453075646007,1214.83855005351,1126.39216894984,22.7484358548669,2104.16209168598
"조우진",20,3,5,23437.4113527195,18815.0905251845,186.427241332731,4687.48227054389,3763.0181050369,37.2854482665463,10481.5290002612
"조우진",20,4,8,27068.2989282523,23934.5178302728,333.187998254976,3383.53736603154,2991.8147287841,41.648499781872,9570.08886367589
"조윤희",5,1,1,431.348017621145,414.898305084746,10.2465466722478,431.348017621145,414.898305084746,10.2465466722478,431.348017621145
"조윤희",5,2,1,4125.66917293233,3318.83467741935,36.6142930225316,4125.66917293233,3318.83467741935,36.6142930225316,4125.66917293233
"조윤희",5,3,3,12901.7246972679,10687.1853303698,137.784817434715,4300.5748990893,3562.39511012327,45.9282724782384,7448.81422697807
"조윤희",5,4,0,0,0,0,0,0,0,0
"조은지",14,1,7,22044.0232947659,20186.3129813726,204.098969256184,3149.14618496655,2883.75899733894,29.1569956080262,8331.85764760931
"조은지",14,2,3,18190.5550371063,15972.6682135997,126.219114040332,6063.5183457021,5324.22273786656,42.073038013444,10502.321847382
"조은지",14,3,4,17577.4852260653,15693.8733201254,155.146936218569,4394.37130651634,3923.46833003134,38.7867340546424,8788.74261303267
"조은지",14,4,0,0,0,0,0,0,0,0
"조인성",4,1,0,0,0,0,0,0,0,0
"조인성",4,2,1,6420.65614035088,5980.02287581699,53.7159337756121,6420.65614035088,5980.02287581699,53.7159337756121,6420.65614035088
"조인성",4,3,1,7976.66808510638,7047.05639097744,51.7122403376645,7976.66808510638,7047.05639097744,51.7122403376645,7976.66808510638
"조인성",4,4,2,9580.79455961939,7592.64055715277,98.5121678611726,4790.39727980969,3796.32027857639,49.2560839305863,6774.64480226205
"조재윤",27,1,4,8168.80163968446,7721.28541499782,95.2744683422182,2042.20040992111,1930.32135374946,23.8186170855546,4084.40081984223
"조재윤",27,2,14,50373.5649942081,38888.5297892013,401.962981995506,3598.11178530058,2777.7521278001,28.7116415711075,13462.9015399083
"조재윤",27,3,6,48826.4516522346,38939.8619918776,292.614398649988,8137.7419420391,6489.97699864626,48.7690664416647,19933.3154164412
"조재윤",27,4,3,14505.4314448483,12965.7869353645,140.833195142642,4835.14381494942,4321.92897845484,46.9443983808807,8374.71474939481
"조재현",7,1,2,2559.60204081633,2482.04510937323,39.2625342998271,1279.80102040816,1241.02255468661,19.6312671499136,1809.91196020015
"조재현",7,2,1,2485.42642642643,2434.25588235294,31.4157145568419,2485.42642642643,2434.25588235294,31.4157145568419,2485.42642642643
"조재현",7,3,3,12083.9770890403,10439.2537559468,123.825940060463,4027.99236301342,3479.75125198225,41.2753133534876,6976.68742523867
"조재현",7,4,1,4064.99683210137,3652.32637571158,46.2136640295802,4064.99683210137,3652.32637571158,46.2136640295802,4064.99683210137
"조정석",11,1,0,0,0,0,0,0,0,0
"조정석",11,2,1,637.188524590164,637.188524590164,15.3559623362086,637.188524590164,637.188524590164,15.3559623362086,637.188524590164
"조정석",11,3,5,17788.8437432303,15775.0552517261,146.391430844771,3557.76874864606,3155.01105034523,29.2782861689541,7955.41277019695
"조정석",11,4,5,23953.1811763027,19557.171193949,245.555234433316,4790.63623526053,3911.4342387898,49.1110468866633,10712.1882775162
"조진웅",41,1,8,16075.0801887166,14086.1959111396,187.4181868911,2009.38502358957,1760.77448889245,23.4272733613875,5683.3991047795
"조진웅",41,2,7,22463.453097172,20966.0082982714,227.959914176592,3209.06472816742,2995.1440426102,32.5657020252275,8490.38721184009
"조진웅",41,3,20,77458.4200544132,68319.4032040875,725.865680157685,3872.92100272066,3415.97016020438,36.2932840078843,17320.2292671401
"조진웅",41,4,6,42953.613619483,33853.5752225229,357.530443383284,7158.93560324717,5642.26253708715,59.5884072305473,17535.7393293992
"존 허트",1,1,0,0,0,0,0,0,0,0
"존 허트",1,2,0,0,0,0,0,0,0,0
"존 허트",1,3,0,0,0,0,0,0,0,0
"존 허트",1,4,1,9989.66132478632,8289.29343971631,74.887656377645,9989.66132478632,8289.29343971631,74.887656377645,9989.66132478632
"주지훈",10,1,1,797.225988700565,788.31843575419,17.5399627097576,797.225988700565,788.31843575419,17.5399627097576,797.225988700565
"주지훈",10,2,1,3201.41463414634,2709.45412844037,28.0219655098797,3201.41463414634,2709.45412844037,28.0219655098797,3201.41463414634
"주지훈",10,3,5,14982.5431887694,12586.5827070875,174.951725447355,2996.50863775388,2517.3165414175,34.9903450894711,6700.39700918297
"주지훈",10,4,3,17667.4192481119,15060.3758729675,173.875599576247,5889.13974937063,5020.12529098917,57.9585331920824,10200.2892587834
"주진모",24,1,4,29360.9324968398,27104.5733556033,194.328430382665,7340.23312420996,6776.14333890083,48.5821075956662,14680.4662484199
"주진모",24,2,9,65959.2703534025,53002.1833737497,387.993730665787,7328.80781704472,5889.13148597219,43.1104145184208,21986.4234511342
"주진모",24,3,8,33999.2012606629,31183.5230129235,324.813412375689,4249.90015758287,3897.94037661544,40.6016765469611,12020.5328831705
"주진모",24,4,3,13133.6005437172,10343.0948619203,167.769532535727,4377.86684790575,3447.69828730678,55.9231775119089,7582.68780934416
"진경",14,1,1,164.577049180328,164.577049180328,9.69034749034749,164.577049180328,164.577049180328,9.69034749034749,164.577049180328
"진경",14,2,5,9753.84980650563,8887.34980375851,111.822007806526,1950.76996130113,1777.4699607517,22.3644015613052,4362.05424193395
"진경",14,3,5,14690.0364108811,12131.2947369127,158.414197303583,2938.00728217621,2426.25894738254,31.6828394607166,6569.58400133542
"진경",14,4,3,29007.7752098131,25159.5856578683,196.184085639859,9669.25840327103,8386.52855262277,65.3946952132865,16747.6468259777
"진구",17,1,3,4772.45620248126,4470.92938615747,61.6526206866519,1590.81873416042,1490.30979538582,20.5508735622173,2755.37887319825
"진구",17,2,9,25701.1593086578,22794.6168840017,290.788140361597,2855.68436762865,2532.73520933352,32.3097933735108,8567.05310288595
"진구",17,3,4,21526.3419300671,16646.1999933726,167.004154099365,5381.58548251678,4161.54999834315,41.7510385248413,10763.1709650336
"진구",17,4,1,15198.4805867127,11099.5834908633,93.3761595793179,15198.4805867127,11099.5834908633,93.3761595793179,15198.4805867127
"진세연",4,1,1,334.197530864198,221.885245901639,17.7858081471748,334.197530864198,221.885245901639,17.7858081471748,334.197530864198
"진세연",4,2,2,4337.53603317722,3645.12501217967,53.8644054611328,2168.76801658861,1822.56250608984,26.9322027305664,3067.10114270061
"진세연",4,3,1,7825.16648168701,6721.13918017159,72.6613385274961,7825.16648168701,6721.13918017159,72.6613385274961,7825.16648168701
"진세연",4,4,0,0,0,0,0,0,0,0
"차민지",3,1,1,80.9249146757679,80.9249146757679,8.51688218390805,80.9249146757679,80.9249146757679,8.51688218390805,80.9249146757679
"차민지",3,2,1,10603.8839050132,9614.52631578947,56.8247271081952,10603.8839050132,9614.52631578947,56.8247271081952,10603.8839050132
"차민지",3,3,1,3873.86641221374,3288.18466522678,30.3978256311959,3873.86641221374,3288.18466522678,30.3978256311959,3873.86641221374
"차민지",3,4,0,0,0,0,0,0,0,0
"차승원",15,1,4,14928.5813418841,13011.9593344311,129.901967580105,3732.14533547103,3252.98983360778,32.4754918950263,7464.29067094206
"차승원",15,2,7,35386.5905661739,31303.3442506734,275.644721504439,5055.22722373913,4471.90632152477,39.3778173577771,13374.8740549372
"차승원",15,3,3,8104.74642599049,6955.75406098403,95.4424664068044,2701.58214199683,2318.58468699468,31.8141554689348,4679.27753075926
"차승원",15,4,1,4763.72906867357,3305.38120104439,36.1682475287126,4763.72906867357,3305.38120104439,36.1682475287126,4763.72906867357
"차인표",4,1,0,0,0,0,0,0,0,0
"차인표",4,2,1,2973.50993377483,2953.94736842105,31.9584326844372,2973.50993377483,2953.94736842105,31.9584326844372,2973.50993377483
"차인표",4,3,3,21257.3653890951,18886.7310876723,187.740160572296,7085.78846303169,6295.5770292241,62.5800535240986,12272.9456296563
"차인표",4,4,0,0,0,0,0,0,0,0
"차태현",13,1,3,12104.9113206258,11629.1373106061,136.492885185677,4034.9704402086,3876.37910353535,45.4976283952256,6988.77380947986
"차태현",13,2,7,42549.298531578,37468.2754422763,248.574136501742,6078.47121879686,5352.61077746805,35.5105909288203,16082.1231964002
"차태현",13,3,2,11627.5826639539,8967.33232142358,91.2354454682975,5813.79133197696,4483.66616071179,45.6177227341487,8221.94255048896
"차태현",13,4,1,9370.46488946684,7537.53922594142,67.5610013360523,9370.46488946684,7537.53922594142,67.5610013360523,9370.46488946684
"천보근",7,1,1,330.107692307692,315.544117647059,7.33154897494305,330.107692307692,315.544117647059,7.33154897494305,330.107692307692
"천보근",7,2,2,17012.0602093494,13857.8114095214,102.555734623233,8506.03010467471,6928.90570476072,51.2778673116165,12029.3431359848
"천보근",7,3,3,33213.0252147059,24173.252833515,167.294536692017,11071.008404902,8057.75094450501,55.7648455640058,19175.5490483123
"천보근",7,4,1,4064.99683210137,3652.32637571158,46.2136640295802,4064.99683210137,3652.32637571158,46.2136640295802,4064.99683210137
"천우희",17,1,2,12306.606698281,10864.4364787379,111.13224335181,6153.30334914049,5432.21823936893,55.5661216759052,8702.08504975026
"천우희",17,2,7,32639.2343927919,24421.9374391567,221.945438354819,4662.74777039884,3488.84820559382,31.7064911935456,12336.4710266962
"천우희",17,3,7,19585.7504108822,18133.2819326805,225.105508129798,2797.96434441175,2590.46884752579,32.1579297328282,7402.71783253936
"천우희",17,4,1,6115.54577777778,4632.98922558923,52.7881794187153,6115.54577777778,4632.98922558923,52.7881794187153,6115.54577777778
"최리",2,1,0,0,0,0,0,0,0,0
"최리",2,2,1,6992.55750487329,4094.95662100457,39.7304403685983,6992.55750487329,4094.95662100457,39.7304403685983,6992.55750487329
"최리",2,3,1,4145.66303030303,3577.58577405858,35.8369605079791,4145.66303030303,3577.58577405858,35.8369605079791,4145.66303030303
"최리",2,4,0,0,0,0,0,0,0,0
"최민식",13,1,1,5529.87777777778,4253.75213675214,42.414266234873,5529.87777777778,4253.75213675214,42.414266234873,5529.87777777778
"최민식",13,2,4,24179.1602479669,20803.1719868376,196.978077778343,6044.79006199173,5200.7929967094,49.2445194445857,12089.5801239835
"최민식",13,3,3,19591.1458487223,17306.6563509825,145.592415754309,6530.38194957411,5768.88545032752,48.5308052514363,11310.9533294931
"최민식",13,4,5,22600.7941018228,18306.1631610057,244.340401303448,4520.15882036457,3661.23263220113,48.8680802606897,10107.3823914304
"최우식",10,1,0,0,0,0,0,0,0,0
"최우식",10,2,1,165.255555555556,165.255555555556,11.575820469581,165.255555555556,165.255555555556,11.575820469581,165.255555555556
"최우식",10,3,4,8917.47147216871,7785.90223077488,123.501272725352,2229.36786804218,1946.47555769372,30.875318181338,4458.73573608435
"최우식",10,4,5,22204.4920478602,18594.2999530476,237.47753194362,4440.89840957204,3718.85999060951,47.495506388724,9930.15072497378
"최재환",5,1,1,2168.85572139303,2008.9400921659,26.5557992202729,2168.85572139303,2008.9400921659,26.5557992202729,2168.85572139303
"최재환",5,2,1,2740.78640776699,2490.89117647059,29.0253958461855,2740.78640776699,2490.89117647059,29.0253958461855,2740.78640776699
"최재환",5,3,2,17013.9017571525,15230.9061812562,89.2026481790629,8506.95087857626,7615.45309062812,44.6013240895314,12030.6453069243
"최재환",5,4,1,1657.42676579926,1559.99930020994,33.5329803396561,1657.42676579926,1559.99930020994,33.5329803396561,1657.42676579926
"쿠니무라 준",1,1,0,0,0,0,0,0,0,0
"쿠니무라 준",1,2,0,0,0,0,0,0,0,0
"쿠니무라 준",1,3,0,0,0,0,0,0,0,0
"쿠니무라 준",1,4,1,6115.54577777778,4632.98922558923,52.7881794187153,6115.54577777778,4632.98922558923,52.7881794187153,6115.54577777778
"크리스 에반스",1,1,0,0,0,0,0,0,0,0
"크리스 에반스",1,2,0,0,0,0,0,0,0,0
"크리스 에반스",1,3,0,0,0,0,0,0,0,0
"크리스 에반스",1,4,1,9989.66132478632,8289.29343971631,74.887656377645,9989.66132478632,8289.29343971631,74.887656377645,9989.66132478632
"틸다 스윈튼",1,1,0,0,0,0,0,0,0,0
"틸다 스윈튼",1,2,0,0,0,0,0,0,0,0
"틸다 스윈튼",1,3,0,0,0,0,0,0,0,0
"틸다 스윈튼",1,4,1,9989.66132478632,8289.29343971631,74.887656377645,9989.66132478632,8289.29343971631,74.887656377645,9989.66132478632
"하정우",26,1,6,25237.6167783824,21413.9978162468,195.827773110369,4206.26946306374,3568.99963604114,32.6379621850615,10303.2139051567
"하정우",26,2,2,23509.5002732996,21268.3277014708,104.070605110161,11754.7501366498,10634.1638507354,52.0353025550807,16623.7270655572
"하정우",26,3,11,68397.6682996163,57880.3386109336,526.84455553846,6217.96984541966,5261.84896463033,47.8949595944055,20622.6729350012
"하정우",26,4,7,42466.3687879111,37242.521468332,442.011870975391,6066.62411255873,5320.36020976172,63.1445529964844,16050.7786995383
"한가인",1,1,0,0,0,0,0,0,0,0
"한가인",1,2,0,0,0,0,0,0,0,0
"한가인",1,3,1,7488.59198542805,6932.94603709949,38.7600241352327,7488.59198542805,6932.94603709949,38.7600241352327,7488.59198542805
"한가인",1,4,0,0,0,0,0,0,0,0
"한석규",15,1,5,17277.9906770899,15853.3883809743,184.146622852787,3455.59813541798,3170.67767619486,36.8293245705573,7726.95233371612
"한석규",15,2,5,18222.0910584255,16992.3140350557,202.956732053333,3644.4182116851,3398.46280701113,40.5913464106665,8149.1668597661
"한석규",15,3,4,16144.8744492053,14130.1439091677,138.995158346792,4036.21861230132,3532.53597729192,34.7487895866979,8072.43722460265
"한석규",15,4,1,806.030050083472,806.030050083472,37.5232765990518,806.030050083472,806.030050083472,37.5232765990518,806.030050083472
"한은정",4,1,3,6807.10269503546,6627.48822152498,90.2514705772022,2269.03423167849,2209.16274050833,30.0838235257341,3930.08257338015
"한은정",4,2,0,0,0,0,0,0,0,0
"한은정",4,3,1,7101.76952380952,6373.38290598291,47.5183079923021,7101.76952380952,6373.38290598291,47.5183079923021,7101.76952380952
"한은정",4,4,0,0,0,0,0,0,0,0
"한지민",10,1,2,5672.21054994388,5499.84819175778,87.4397105402124,2836.10527497194,2749.92409587889,43.7198552701062,4010.8585441832
"한지민",10,2,2,2710.03472693453,2465.7388112639,48.2688668947066,1355.01736346726,1232.86940563195,24.1344334473533,1916.28393266644
"한지민",10,3,4,17159.9337318912,13306.5334509542,131.246972033054,4289.9834329728,3326.63336273855,32.8117430082634,8579.9668659456
"한지민",10,4,2,10207.8772579818,8846.54867488055,100.501073013237,5103.9386289909,4423.27433744028,50.2505365066185,7218.05923063887
"한효주",11,1,1,905.333333333333,905.333333333333,24.891332809636,905.333333333333,905.333333333333,24.891332809636,905.333333333333
"한효주",11,2,4,25673.5449897046,20991.9376224689,190.279400204475,6418.38624742614,5247.98440561723,47.5698500511187,12836.7724948523
"한효주",11,3,5,32784.5748967392,25025.6473110557,219.487610924703,6556.91497934785,5005.12946221113,43.8975221849407,14661.7076165084
"한효주",11,4,1,828.598156682028,828.598156682028,35.3558675475853,828.598156682028,828.598156682028,35.3558675475853,828.598156682028
"허준호",9,1,2,6369.85825641026,5772.09642888479,62.0572812513247,3184.92912820513,2886.0482144424,31.0286406256624,4504.16996830481
"허준호",9,2,0,0,0,0,0,0,0,0
"허준호",9,3,4,14665.1032021788,13402.4011676112,154.380987880877,3666.27580054469,3350.60029190279,38.5952469702193,7332.55160108939
"허준호",9,4,3,4817.02905422313,4817.02905422313,110.031344944049,1605.67635140771,1605.67635140771,36.6771149813497,2781.11302114997
"현빈",9,1,3,7488.74615384615,7183.72977590591,91.1397825936799,2496.24871794872,2394.57659196864,30.3799275312266,4323.62960781585
"현빈",9,2,1,2279.87903225806,1910.16891891892,33.0700694065351,2279.87903225806,1910.16891891892,33.0700694065351,2279.87903225806
"현빈",9,3,2,10877.5082801287,7757.28526290446,88.6419146249675,5438.75414006434,3878.64263145223,44.3209573124838,7691.55986729181
"현빈",9,4,3,8674.38911874649,7894.43491192186,106.793199377544,2891.46303958216,2631.47830397395,35.5977331258481,5008.16089276385
"홍진희",1,1,0,0,0,0,0,0,0,0
"홍진희",1,2,1,18782.625,13484.9615384615,49.3673119087051,18782.625,13484.9615384615,49.3673119087051,18782.625
"홍진희",1,3,0,0,0,0,0,0,0,0
"홍진희",1,4,0,0,0,0,0,0,0,0
"황정민",42,1,1,5689.92073170732,5016.91935483871,49.5038196286472,5689.92073170732,5016.91935483871,49.5038196286472,5689.92073170732
"황정민",42,2,19,92796.2505678139,81093.9556529192,731.098453052003,4884.01318777968,4268.10292910101,38.4788659501054,21288.9199244516
"황정민",42,3,12,53981.785005903,42558.8108300889,449.590807481027,4498.48208382525,3546.56756917407,37.4659006234189,15583.1990522473
"황정민",42,4,10,66694.5130431652,58029.3884719746,514.598454240855,6669.45130431652,5802.93884719746,51.4598454240855,21090.656865221
